2362195	gz	建云东小区	建云东路	从化	1164	街口	2631
20237	gz	上城湾畔	江湾路	从化	1164	街口	2631
81998	gz	紫泉翠荔嘉园	105国道	从化	1164	太平	2632
483223	gz	七星花园	七星路	从化	1164	其他	2639
2362464	gz	七星路小区	七星路	从化	1164	街口	2631
483165	gz	旺城雅荷居	云城南路	从化	1164	其他	2639
647290	gz	乔安楼居住小区	建设路222号	从化	1164	街口	2631
2373517	gz	雅居乐滨江花园(别墅)	沿江南路	从化	1164	街口	2631
20239	gz	雅居乐滨江花园	沿江南路	从化	1164	江埔	2633
503298	gz	华标荔苑	太平镇105国道	从化	1164	太平	2632
2373518	gz	莱茵水岸(别墅)	从城大道33号	从化	1164	街口	2631
667236	gz	莱茵水岸	从城大道33号	从化	1164	街口	2631
2361301	gz	从化沿江路小区	沿江路	从化	1164	街口	2631
20226	gz	夏日港湾	港湾路18号	从化	1164	其他	2639
667352	gz	阳光城丽景湾	海滨路	南沙	1161
83337	gz	丰庭花园	广丰路1号	南沙	1161
571899	gz	南沙碧桂园天玺湾	进港大道	南沙	1161
409708	gz	南沙碧桂园天玺湾	进港大道	南沙	1161
23055	gz	南沙碧桂园	进港大道130-180号	南沙	1161
148394	gz	时代南湾	港前大道北	南沙	1161
571707	gz	中惠璧珑湾	凤凰大道	南沙	1161
407358	gz	龙光棕榈水岸	金蕉大道	南沙	1161
487995	gz	万科府前一号	丰泽西路	南沙	1161
407322	gz	万科府前一号	丰泽西路	南沙	1161
504093	gz	越秀滨海珺城	环市大道西	南沙	1161
705986	gz	越秀滨海珺城	环市大道西	南沙	1161
504096	gz	越秀滨海隽城	环市大道中路	南沙	1161
504094	gz	碧桂园豪庭	金沙路	南沙	1161
82951	gz	海力花园	进港大道555号	南沙	1161
148393	gz	广晟海韵兰庭	海庭三街2号	南沙	1161
571753	gz	广州星河盛世	金沙路	南沙	1161
488016	gz	紫茗花园	南沙街	南沙	1161
504078	gz	南沙珠江湾	漾滨路	南沙	1161
22845	gz	南沙奥园	珠江东路269号	南沙	1161
635689	gz	茗荔雅苑	红岭一路	南沙	1161
571811	gz	珠光南沙御景	金隆路	南沙	1161
667400	gz	南沙滨海水晶湾	水晶南街	南沙	1161
488077	gz	华汇国际广场	进港大道4号	南沙	1161
487998	gz	大岗瑞华苑	兴业路37号	南沙	1161
23042	gz	南沙明珠花园	进港大道	南沙	1161
23038	gz	南沙境界	凤凰大道	南沙	1161
23050	gz	南沙滨海花园	环市大道西	南沙	1161
488027	gz	大岗兴业花园	豪龙路263号	南沙	1161
517296	gz	南沙云山诗意	丰泽东路	南沙	1161
80581	gz	碧桂园凤凰城凤馨苑	凤凰城大道	增城	1163	广园东	8819
662979	gz	碧桂园凤凰城凤晴苑	凤凰城大道	增城	1163	广园东	8819
487952	gz	东凌广场	汽车城大道71号	增城	1163	新塘	2641
20269	gz	新都盛世名门	东进东路8号	增城	1163	新塘	2641
627474	gz	碧桂园凤凰城凤锦苑	凤凰城大道	增城	1163	新塘	2641
2373052	gz	锦绣御景国际(别墅)	荔城大道225号	增城	1163	荔城	2640
408631	gz	锦绣半山御景	荔新二路188号	增城	1163	荔城	2640
571791	gz	锦绣御景国际	荔城大道225号	增城	1163	荔城	2640
2373051	gz	锦绣半山御景(别墅)	荔新二路188号	增城	1163	荔城	2640
20272	gz	新塘新世界花园	花园东路6号	增城	1163	新塘	2641
20263	gz	现代城市花园	港口大道363号	增城	1163	新塘	2641
411531	gz	锦绣天伦花园	新沙大道北30号	增城	1163	新塘	2641
20251	gz	荔城碧桂园	荔星大道8号	增城	1163	荔城	2640
2373049	gz	荔城碧桂园(别墅)	荔星大道8号	增城	1163	荔城	2640
148726	gz	学府雅苑	学府路1号	增城	1163	荔城	2640
504073	gz	惠百氏广场	东江大道	增城	1163	新塘	2641
662976	gz	金泽惠百氏	广深大道西180号	增城	1163	新塘	2641
2362856	gz	誉峰江畔花园	增江大道北	增城	1163	正果	2648
527991	gz	碧桂园凤凰城凤妍苑	凤凰城大道	增城	1163	新塘	2641
83006	gz	富雅名居	丰华西路1号	增城	1163	新塘	2641
83263	gz	碧桂园凤凰城凤妍苑	凤凰城大道	增城	1163	新塘	2641
20243	gz	锦绣新天地	府前路29号	增城	1163	新塘	2641
20319	gz	顺欣花园	荔新十二路98号	增城	1163	新塘	2641
83084	gz	荔城花园	荔城大道	增城	1163	荔城	2640
407721	gz	合景誉山国际	新新大道中	增城	1163	荔城	2640
2373545	gz	合景誉山国际(商住楼)	新新大道中	增城	1163	永和	2642
2373546	gz	合景誉山国际(别墅)	新新大道中	增城	1163	永和	2642
83134	gz	碧桂园凤凰城凤林苑	凤凰城大道	增城	1163	新塘	2641
20279	gz	广园东东方名都	东江大道北8号	增城	1163	新塘	2641
487945	gz	富丽苑	广群路1号	增城	1163	其他	2653
661415	gz	碧桂园凤凰城凤天苑	凤凰城大道	增城	1163	广园东	8819
2373001	gz	碧桂园凤凰城凤天苑(别墅)	凤凰城大道	增城	1163	广园东	8819
2377481	gz	翡翠绿洲宝翠园	陈家林路159号	增城	1163	广园东	8819
487947	gz	翡翠绿洲长岛	陈家林路159号	增城	1163	其他	2653
758193	gz	尚东阳光	温涌路	增城	1163	新塘	2641
2373047	gz	锦绣御景苑御品名苑	增派大道60号	增城	1163	小楼	2649
20242	gz	锦绣御景苑	御景路59号	增城	1163	荔城	2640
2373046	gz	锦绣御景苑御品名苑(别墅)	增派大道60号	增城	1163	小楼	2649
20318	gz	顺欣广场	荔新大道	增城	1163	新塘	2641
660056	gz	敏捷莱茵花园	沿江东路4号	增城	1163	荔城	2640
667262	gz	碧桂园凤凰城凤扬苑	凤凰城大道	增城	1163	广园东	8819
504068	gz	富逸花园	广群路5号	增城	1163	新塘	2641
20285	gz	富雅都市华庭	汇太东路233号	增城	1163	新塘	2641
496022	gz	海伦春天	永顺大道东15号	增城	1163	新塘	2641
2373547	gz	海伦春天(别墅)	永顺大道东15号	增城	1163	永和	2642
487919	gz	海伦堡花园	海伦堡大道2号	增城	1163	新塘	2641
83003	gz	中坚豪庭	府前路１号	增城	1163	荔城	2640
650528	gz	保利东江首府	江府大道2号	增城	1163	新塘	2641
2372432	gz	保利东江首府(别墅)	江府大道2号	增城	1163	新塘	2641
20254	gz	群星新邨	港口大道336号	增城	1163	新塘	2641
405571	gz	群星新村	汇太西路	增城	1163	新塘	2641
20301	gz	碧桂园凤凰城凤雅苑	凤凰城大道	增城	1163	新塘	2641
83034	gz	碧桂园凤凰城凤雅苑	凤凰城大道	增城	1163	新塘	2641
2383483	gz	雅苑居	荔乡路19号	增城	1163	荔城	2640
662987	gz	碧桂园豪园	增滩路	增城	1163	荔城	2640
83002	gz	城市家园一期	汇美友谊二横路	增城	1163	新塘	2641
487880	gz	现代城假日花园	大林边二横路7-8号	增城	1163	新塘	2641
82996	gz	城市家园二期	汇美友谊二横路	增城	1163	新塘	2641
784042	gz	金泽豪庭	金泽路1号	增城	1163	新塘	2641
83025	gz	兴隆花园	增城大道1号	增城	1163	荔城	2640
20295	gz	碧桂园凤凰城凤鸣苑	凤凰城大道	增城	1163	新塘	2641
408487	gz	汇东国际花园	蝴蝶岭大道	增城	1163	新塘	2641
487879	gz	金马香颂居	增城大道301号	增城	1163	荔城	2640
82997	gz	金色港湾	群星中路59号	增城	1163	新塘	2641
20246	gz	金泽华庭	新塘大道中1号	增城	1163	新塘	2641
83021	gz	碧桂园荔园	纬六路	增城	1163	荔城	2640
83279	gz	碧桂园凤凰城凤湖苑	凤凰城大道	增城	1163	新塘	2641
83386	gz	现代城市家园	港口大道北	增城	1163	新塘	2641
2377245	gz	亚太银座	汇太中路,近新新大道	增城	1163	新塘	2641
82993	gz	新康花园	广深大道108号	增城	1163	新塘	2641
20296	gz	碧桂园凤凰城凤泉苑	凤凰城大道	增城	1163	新塘	2641
83086	gz	金竹家园	府佑路228号	增城	1163	荔城	2640
20267	gz	汇美体育花园	新业北路	增城	1163	新塘	2641
571926	gz	富鹏小区	隶园中路16号	增城	1163	荔城	2640
777803	gz	中森名苑	石新大道168号	增城	1163	新塘	2641
517292	gz	丰泰城市公馆	东坑三横路2号	增城	1163	新塘	2641
83051	gz	怡景城	荔城大道137号	增城	1163	荔城	2640
81803	gz	碧桂园凤凰城凤翠苑	凤凰城大道	增城	1163	新塘	2641
83018	gz	金泽花园	新塘中路28号	增城	1163	新塘	2641
2372973	gz	恒大山水城(别墅)	下车路	增城	1163	中新	2652
20273	gz	恒大山水城	下车路	增城	1163	中新	2652
20290	gz	嘉骏豪苑	光华路19号	增城	1163	新塘	2641
2362177	gz	嘉骏豪苑三期	光华路	增城	1163	新塘	2641
23851	gz	保利心语花园	金穗路70号	天河	1156	珠江新城	2681
23797	gz	中怡城市花园	林和街39号	天河	1156	林和	2661
409565	gz	嘉裕公馆	花城大道80号	天河	1156	珠江新城	2681
84068	gz	朱美拉公寓	冼村路16号	天河	1156	珠江新城	2681
21170	gz	橡树园	沙太南路316号	天河	1156	沙太南	7765
21890	gz	隽峰苑	兴盛路10号	天河	1156	珠江新城	2681
84007	gz	银汇华庭	龙怡路115号	天河	1156	天河北	2682
406059	gz	合景领峰园	金穗路	天河	1156	珠江新城	2681
21870	gz	领峰	冼村路	天河	1156	珠江新城	2681
22737	gz	尚东君御	兴盛路6号	天河	1156	珠江新城	2681
82999	gz	南国花园	平月路10号	天河	1156	珠江新城	2681
21176	gz	棠德花苑	棠德西路56号	天河	1156	车陂	2657
21846	gz	马赛国际公寓	平云路177号	天河	1156	珠江新城	2681
485583	gz	盈彩美居	盈溪路	天河	1156	东圃	2677
22015	gz	星汇云锦	华明路4号	天河	1156	珠江新城	2681
21202	gz	方圆月岛	花城大道55号	天河	1156	珠江新城	2681
23947	gz	伊顿18	龙口西路194号	天河	1156	龙口西	7764
20600	gz	金碧翡翠华庭	天润路467号	天河	1156	龙口东	7763
82998	gz	芳草园小区	天河北路571号	天河	1156	天河北	2682
23718	gz	东方之珠花园	天河北路715号	天河	1156	五山	2655
521133	gz	天健上城	天坤三路	天河	1156	车陂	2657
83033	gz	鸿翔大厦	天河北路615号	天河	1156	天河北	2682
83603	gz	天麒驿	天河北路611号	天河	1156	天河北	2682
23816	gz	侨怡苑	天河北路388号	天河	1156	天河北	2682
21058	gz	美好居	中山大道中29号	天河	1156	车陂	2657
84125	gz	保利中宇广场	天河北路626号	天河	1156	天河北	2682
20717	gz	金田花苑	天河北路333-560号	天河	1156	龙口西	7764
21165	gz	汇峰苑	兴国路	天河	1156	珠江新城	2681
20352	gz	铂林国际公寓	花城大道16号	天河	1156	珠江新城	2681
400487	gz	天惠大厦	龙口中路194号	天河	1156	天河北	2682
21012	gz	天河豪景花园	广州大道北52号	天河	1156	沙河	2654
784096	gz	万科云城米酷	华观路	天河	1156	天河公园	2678
700990	gz	天誉花园	林和中路	天河	1156	林和	2661
22247	gz	尚德大厦	五山路141号	天河	1156	五山	2655
84088	gz	华南理工大学红棉苑	月亮山路	天河	1156	五山	2655
22088	gz	旭景家园	中山大道	天河	1156	车陂	2657
661412	gz	伟腾天逸名都	龙口中路152号	天河	1156	天河北	2682
23606	gz	半山雍景苑	科华街511号	天河	1156	五山	2655
21805	gz	春江花园	棠东东路112-128号	天河	1156	车陂	2657
23620	gz	加拿大花园	枫叶路8号	天河	1156	东圃	2677
148400	gz	猎德花园	猎德大道20号	天河	1156	珠江新城	2681
20760	gz	金海花园	天河北路614号	天河	1156	龙口西	7764
84686	gz	金雅苑公寓	荷光路8号	天河	1156	员村	2656
23744	gz	天河山庄	江园街	天河	1156	沙河	2654
22935	gz	天鹅花苑	长兴路	天河	1156	长兴	2672
84777	gz	天鹅花苑	长兴路	天河	1156	沙河	2654
23819	gz	侨英花园	粤垦路1号	天河	1156	粤垦	2683
406038	gz	保利中辰广场	龙口西路3号	天河	1156	天河北	2682
83843	gz	富力公园28	马场路28号	天河	1156	珠江新城	2681
83054	gz	侨林苑三期	侨林街61号	天河	1156	天河北	2682
83063	gz	中兴花园	中山大道中1104号	天河	1156	东圃	2677
22584	gz	阳光假日园	泰安南路98号	天河	1156	车陂	2657
485617	gz	天河北苑	沙太南路274-320号	天河	1156	其他	2676
80640	gz	云宁居	河水西大街35号	天河	1156	沙太南	7765
485422	gz	富力天禧	车陂北街	天河	1156	车陂	2657
83824	gz	南雅苑雅怡阁	体育东横街24号	天河	1156	天河南	2660
21879	gz	雅怡阁	东圃大马路3-25号	天河	1156	东圃	2677
503604	gz	珠江华景里	华景东路	天河	1156	天河公园	2678
83702	gz	富力院士庭	东莞庄路72号	天河	1156	粤垦	2683
21155	gz	羊城花园	中山大道前进1号	天河	1156	东圃	2677
23667	gz	东璟花园	员村二横路	天河	1156	员村二横路	7771
409133	gz	瑞安创逸	天科路	天河	1156	天河北	2682
2377580	gz	瑞安创逸(商住楼)	天科路	天河	1156	龙口西	7764
667216	gz	帝景苑	天河北路550-590号	天河	1156	龙口西	7764
2361536	gz	东方新世界熹园	东方三路	天河	1156	天河公园	2678
23583	gz	东方新世界	中山大道西158号	天河	1156	天河公园	2678
83017	gz	汇景新城棕榈园	汇景南路	天河	1156	五山	2655
527815	gz	万兴苑2号院	万芳园大街46号	天河	1156	员村	2656
23852	gz	保利林海山庄	天源路	天河	1156	龙洞	2670
23264	gz	天力居	东圃大马路2号	天河	1156	车陂	2657
571736	gz	时尚明苑	中山大道中77号	天河	1156	车陂	2657
20631	gz	金碧华府	马场路	天河	1156	珠江新城	2681
23478	gz	利雅湾	兴民路160号	天河	1156	珠江新城	2681
20749	gz	金润大厦	龙口西路361号	天河	1156	龙口西	7764
83010	gz	天城广场	龙口东路346-350号	天河	1156	天河北	2682
84531	gz	天文苑	体育西路105号	天河	1156	天河南	2660
21976	gz	东圃广场	黄村西路8号	天河	1156	中山大道	7773
23283	gz	城市假日园	旭景西路	天河	1156	中山大道	7773
484174	gz	翠拥华庭	车陂路426号	天河	1156	车陂	2657
83839	gz	珠江都荟	华利路25号	天河	1156	珠江新城	2681
21123	gz	珠江俊园	俊华街	天河	1156	中山大道	7773
517252	gz	侨鑫汇悦台	临江大道417-431号	天河	1156	珠江新城	2681
571935	gz	天河区东圃镇莲溪村	南边二街18号	天河	1156	东圃	2677
22172	gz	建丽花园	长兴路	天河	1156	长兴	2672
23869	gz	中海康城花园	广园快速路	天河	1156	体育中心	2680
23320	gz	历徳雅舍	中山大道西209号	天河	1156	天河公园	2678
704974	gz	天一庄	康湖大街	天河	1156	员村	2656
21185	gz	侨源山庄	粤垦路	天河	1156	粤垦	2683
84044	gz	华南理工大学凤凰新村小区	五山路	天河	1156	五山	2655
22729	gz	尚东宏御	花城大道760号	天河	1156	珠江新城	2681
2363055	gz	五山花园四期	茶山路	天河	1156	五山	2655
83604	gz	五山花园五期	茶山路	天河	1156	五山	2655
23948	gz	五山花园二期	岳洲路	天河	1156	五山	2655
2363053	gz	五山花园三期	茶山路	天河	1156	五山	2655
23824	gz	五山花园	五山路	天河	1156	五山	2655
485645	gz	天河南一路小区	天河南一路	天河	1156	天河南	2660
21106	gz	甲子花园	甲子路	天河	1156	珠江新城	2681
23256	gz	嘉逸花园	伟逸街	天河	1156	天河北	2682
712267	gz	太阳广场	龙口东路331-337号	天河	1156	天河北	2682
667396	gz	佳润临江上品	临江大道	天河	1156	员村	2656
2362300	gz	绿地中央广场	神舟路	天河	1156	新塘	2675
23823	gz	侨乐新村	沙太南路	天河	1156	沙太南	7765
21115	gz	理想青年荟	东方三路35号	天河	1156	中山大道	7773
84184	gz	新光天河峰景	兴华路1号	天河	1156	粤垦	2683
485923	gz	翠湖山庄	黄埔大道萝斗岗1号	天河	1156	其他	2676
503595	gz	天河广场	中山大道中268号	天河	1156	其他	2676
22048	gz	新燕花园	燕岭路28号	天河	1156	粤垦	2683
405793	gz	育龙居	天源路	天河	1156	龙洞	2670
84172	gz	广弘天琪	华利路27号	天河	1156	珠江新城	2681
485745	gz	金燕花苑三期燕安楼	金燕路34号	天河	1156	其他	2676
485761	gz	东和花苑二期	员村二横路	天河	1156	员村	2656
20731	gz	金燕花苑	粤垦路614-624号	天河	1156	粤垦	2683
21994	gz	东和花苑	员村二横路	天河	1156	员村二横路	7771
117972	gz	易丰大厦	翠园街8号	天河	1156	员村	2656
23631	gz	嘉裕礼顿阳光公寓	华成路8号	天河	1156	珠江新城	2681
84242	gz	日出观山苑	粤垦路498号	天河	1156	粤垦	2683
405452	gz	珠光新城御景二期	花城大道	天河	1156	珠江新城	2681
83651	gz	珠光新城御景	平苑街1号	天河	1156	珠江新城	2681
21015	gz	誉峰	金穗路711号	天河	1156	珠江新城	2681
83015	gz	理想蓝堡国际花园	东方三路	天河	1156	天河公园	2678
22037	gz	珠江新城海滨花园	临江大道399号	天河	1156	珠江新城	2681
20670	gz	邮通住宅小区	中山大道西139号	天河	1156	天河公园	2678
21028	gz	龙怡苑	王园路	天河	1156	东圃	2677
400427	gz	天鑫六运小区	天河南一路	天河	1156	天河南	2660
757857	gz	美林海岸花园水晶轩	百合路	天河	1156	员村	2656
757876	gz	美林海岸花园	员村四横路	天河	1156	其他	2676
2362328	gz	美林海岸花园逸江湾	科韵路	天河	1156	员村	2656
23817	gz	侨林苑二期	侨林街59号	天河	1156	天河北	2682
23649	gz	力迅上筑	海明路22号	天河	1156	珠江新城	2681
667388	gz	育蕾小区	体育西路三街12号	天河	1156	体育西路	7767
21107	gz	瑞心苑小区	粤垦路333号	天河	1156	粤垦	2683
83606	gz	广氮新村	车陂北街22号	天河	1156	车陂	2657
21759	gz	智景花苑	车陂北街二巷	天河	1156	车陂	2657
21660	gz	暨南花园	羊城路	天河	1156	天河北	2682
23835	gz	广海花园	建中路7号	天河	1156	员村	2656
84208	gz	天诚广场	龙口东路	天河	1156	天河北	2682
22205	gz	广海花园	建中路7号	天河	1156	员村	2656
485612	gz	东荣文华轩8090house	长兴路35号	天河	1156	长兴	2672
22155	gz	御华苑	龙口中路150号	天河	1156	龙口东	7763
23300	gz	君林天下	绿洲街38号	天河	1156	天河北	2682
21868	gz	领汇国际公寓	汇彩路	天河	1156	中山大道	7773
485549	gz	阳光桃源	桃园路3号	天河	1156	其他	2676
83008	gz	粤海丽江花园	金穗路77-79号	天河	1156	珠江新城	2681
22987	gz	天翔花园	天河北路	天河	1156	天河北	2682
23335	gz	南兴花园	元岗路337号	天河	1156	元岗	2669
23355	gz	华港花园	东方一路24号	天河	1156	中山大道	7773
2362732	gz	阳华国花苑	车陂路	天河	1156	棠下	2664
2362874	gz	天雅居教师小区	黄村路120号	天河	1156	东圃	2677
22966	gz	天雅居	黄村路134-115号	天河	1156	东圃	2677
23348	gz	MBA国际公寓	黄埔大道西505号	天河	1156	珠江新城	2681
23343	gz	华颖花园	员村一横路7号	天河	1156	员村	2656
23340	gz	侨颖苑	员村西街8号	天河	1156	员村	2656
21109	gz	瑞华大厦	五山路263-265号	天河	1156	五山	2655
21883	gz	雅怡居	雅怡街40号	天河	1156	东圃	2677
110958	gz	陶然庭苑	华景北路255号	天河	1156	天河公园	2678
20654	gz	金建苑	燕岭路	天河	1156	粤垦	2683
83715	gz	嘉裕丹顿阳光	海安路2号	天河	1156	珠江新城	2681
21103	gz	白马花园	白马岗街	天河	1156	员村	2656
20378	gz	金鼎大厦	龙口西路373号	天河	1156	龙口西	7764
23730	gz	东成花苑	黄埔大道中187-1号	天河	1156	员村	2656
527831	gz	南国嘉园苹果城	中山大道中238号	天河	1156	东圃	2677
83129	gz	枫丹雅筑	龙口西路	天河	1156	天河北	2682
148349	gz	景安花园	珠吉路5号	天河	1156	东圃	2677
20771	gz	远洋明苑	杨桃西路636-637号	天河	1156	中山大道	7773
21009	gz	跑马地花园	黄埔大道西868号	天河	1156	天河北	2682
23296	gz	员村新村	员村二横路	天河	1156	员村二横路	7771
23357	gz	华江花园	黄埔大道中103-107号	天河	1156	员村	2656
400087	gz	紫荆小区	林和东路143号	天河	1156	天河北	2682
23820	gz	世纪绿洲	天源路	天河	1156	龙洞	2670
400095	gz	冠军小区	石牌东路4号	天河	1156	石牌	2658
22690	gz	新世界东逸花园	东方三路200号	天河	1156	天河北	2682
400110	gz	东园小区	石牌西横街6-2号	天河	1156	石牌	2658
22963	gz	宝翠园	宝翠路4号	天河	1156	龙洞	2670
80757	gz	五仙花园	瑞和街22号	天河	1156	沙太南	7765
23270	gz	天一新村	东莞庄路	天河	1156	天河北	2682
20780	gz	金兴花园	黄埔大道中	天河	1156	员村	2656
400022	gz	华康小区	华康街	天河	1156	体育中心	2680
22116	gz	恒安大厦	黄埔大道中256号	天河	1156	员村	2656
21847	gz	星汇雅苑	潭村路16号	天河	1156	员村	2656
22159	gz	御晖苑	合晖街200号	天河	1156	天河北	2682
413499	gz	体育东小区	天河东路	天河	1156	体育中心	2680
21010	gz	赛拉维小区	黄埔大道	天河	1156	员村	2656
22470	gz	希尔顿阳光	龙口西路305号	天河	1156	龙口西	7764
21980	gz	星汇园	华明路	天河	1156	珠江新城	2681
2362322	gz	美景花苑	车陂路308号	天河	1156	车陂	2657
83009	gz	东晖花园	天府路149号	天河	1156	天河公园	2678
83069	gz	双城国际公寓	花城大道21-25号	天河	1156	珠江新城	2681
21172	gz	棠雅苑	枫叶路10号	天河	1156	中山大道	7773
23308	gz	名圃花园	祥圃街5号	天河	1156	中山大道	7773
23608	gz	冠庭园	广州大道北	天河	1156	沙河	2654
21108	gz	瑜翠园	天源路	天河	1156	东圃	2677
21987	gz	昌乐园小区	员村二横路1号	天河	1156	员村	2656
83052	gz	金坤花园	金坤街	天河	1156	粤垦	2683
21131	gz	燕塘大院	燕塘路	天河	1156	天河北	2682
23347	gz	华苑大厦	天河直街1-87号	天河	1156	天河北	2682
21086	gz	福金莲花园	黄埔大道124号	天河	1156	员村	2656
409713	gz	合景睿峰	海乐路12号	天河	1156	珠江新城	2681
21019	gz	荟雅苑	林乐路	天河	1156	林和	2661
21162	gz	汇友苑	东圃大马路9-13号	天河	1156	中山大道	7773
503649	gz	侨鑫汇景新城龙熹山	汇景北路168-182号	天河	1156	沙河	2654
83105	gz	汇景新城维纶特莱	汇景南路	天河	1156	五山	2655
21160	gz	汇景新城柏菲美泉	汇景南路	天河	1156	五山	2655
83575	gz	汇景新城中央庭院	大丰二街	天河	1156	天河北	2682
485849	gz	石化生活区	石化路166号	天河	1156	其他	2676
84151	gz	临江花园	员村二横路	天河	1156	员村	2656
2362121	gz	汇景新城世家	汇景东路	天河	1156	五山	2655
21161	gz	汇景新城	汇景南路	天河	1156	五山	2655
2362120	gz	汇景新城上城峰境	汇景路	天河	1156	五山	2655
2372455	gz	汇景新城(别墅)	汇景路	天河	1156	五山	2655
2362854	gz	天荟公馆	山顶街1号	天河	1156	员村	2656
21052	gz	耀星华庭	天寿路25号	天河	1156	林和	2661
757845	gz	美林湖畔花园	桃园南一街	天河	1156	东圃	2677
20363	gz	金碧世纪花园	中山大道东81号	天河	1156	东圃	2677
21157	gz	江源半岛	车陂路	天河	1156	车陂	2657
23811	gz	嘉宝华庭	天河东路220号	天河	1156	天河公园	2678
2361629	gz	东尚明苑	旭景西街	天河	1156	东圃	2677
406056	gz	嘉尚国际公寓	沾益直街	天河	1156	天河北	2682
21751	gz	鸿景园	龙口东路366-368号	天河	1156	龙口东	7763
23952	gz	中海璟晖华庭	兴盛路17号	天河	1156	珠江新城	2681
23810	gz	乐意居花苑	美景街18号	天河	1156	长兴	2672
517240	gz	佳润上品菁园	宦溪北路	天河	1156	中山大道	7773
83192	gz	穗乐花园	员村西街20-50号	天河	1156	员村	2656
21965	gz	隆基怡苑	牛利岗大街	天河	1156	沙河	2654
83581	gz	骏逸苑	潭村路10号	天河	1156	珠江新城	2681
703737	gz	富力天朗明居	车陂路	天河	1156	棠下	2664
22953	gz	富力天朗明居	车陂路	天河	1156	车陂	2657
527816	gz	兴盛公寓	亭岗街51号	天河	1156	棠下	2664
23831	gz	中海花城湾	花城大道86号	天河	1156	珠江新城	2681
21823	gz	骏景花园	中山大道190号	天河	1156	中山大道	7773
84733	gz	富力盈盛广场	马场路16号	天河	1156	珠江新城	2681
23361	gz	芳满庭园	华景北路	天河	1156	中山大道	7773
20636	gz	金富苑	五山路	天河	1156	天河北	2682
21080	gz	穗茵园	建华路21号	天河	1156	东圃	2677
21063	gz	绿佳花园	燕都路	天河	1156	天河公园	2678
83970	gz	员村三横路5号大院	员村三横路	天河	1156	员村	2656
22995	gz	尚河居	体育西路	天河	1156	天河南	2660
23366	gz	华景新城六期	华景路	天河	1156	华景新城	7761
2362018	gz	华景新城六期东区	华景路	天河	1156	天河公园	2678
83697	gz	华景新城六期西区	华景路	天河	1156	天河公园	2678
667192	gz	百合苑B区	员村四横路7-38号	天河	1156	员村	2656
21101	gz	百合苑A区	员村四横路	天河	1156	员村	2656
2360867	gz	百合苑	百合路	天河	1156	员村	2656
22127	gz	新陶苑	西陶育路	天河	1156	石牌	2658
22283	gz	成龙花园	员村二横路	天河	1156	员村	2656
405772	gz	尚东美御	猎德路	天河	1156	珠江新城	2681
83082	gz	富力新村	东圃大马路	天河	1156	东圃	2677
83912	gz	员村新街小区	员村新街	天河	1156	员村	2656
83599	gz	宏景台	信诚南街21号	天河	1156	天河北	2682
23796	gz	丽晴轩	东莞庄路	天河	1156	东莞庄	94605
485781	gz	金燕花园三期	粤垦路	天河	1156	粤垦	2683
21811	gz	骏汇大厦	体育西路5-9号	天河	1156	体育西路	7767
503566	gz	长兴小区	长兴路318-1号	天河	1156	长兴	2672
2373522	gz	华南御景园(别墅)	行云街	天河	1156	五山	2655
23377	gz	华南御景园	行云街	天河	1156	长湴	7759
83891	gz	锦华轩	天河路	天河	1156	岗顶	2679
23577	gz	华天国际广场	龙口中路201号	天河	1156	五山	2655
21149	gz	海景花园	黄埔大道中203号	天河	1156	天河公园	2678
400153	gz	紫林居	黄埔大道中195号	天河	1156	员村	2656
83031	gz	叠翠台	天府路289号	天河	1156	天河公园	2678
82347	gz	风行牛奶公司宿舍	沙太南路	天河	1156	沙太南	7765
83194	gz	天盛大厦	体育东路35号	天河	1156	天河南	2660
22102	gz	恒康阁	林和西路121号	天河	1156	林和	2661
757840	gz	东成小区	五山路124号	天河	1156	天河北	2682
23376	gz	半山翠庭	贤韵街17-45号	天河	1156	五山	2655
23809	gz	乐雅苑	黄埔大道中	天河	1156	员村二横路	7771
83746	gz	恒业大厦	黄埔大道中156-162号	天河	1156	天河北	2682
22695	gz	阳光都会广场	石牌东路133号	天河	1156	石牌	2658
21002	gz	远洋明珠	华利路15-23号	天河	1156	珠江新城	2681
83186	gz	明轩大厦	中山大道西18号	天河	1156	岗顶	2679
406087	gz	员村四横路2号大院	员村四横路2号	天河	1156	员村	2656
400018	gz	信成小区	信成南街	天河	1156	体育中心	2680
23144	gz	天祥阁	天强路	天河	1156	天河公园	2678
408875	gz	天荣小区	天荣路	天河	1156	天河南	2660
527809	gz	天天公寓	隔塘大街	天河	1156	东圃	2677
83937	gz	东景花园	中山大道中128号	天河	1156	车陂	2657
667311	gz	峻林	林和东路	天河	1156	天河北	2682
21774	gz	高胜花园	东燕街122号	天河	1156	东莞庄	94605
21745	gz	鸿燕居小区	燕都路	天河	1156	天河公园	2678
21852	gz	馨怡花苑	龙口东路416-422号	天河	1156	龙口东	7763
83698	gz	体育西小区	体育西横街	天河	1156	天河南	2660
23265	gz	天华苑	翰景路12-28号	天河	1156	五山	2655
23795	gz	丽晶华庭	金穗路22-30号	天河	1156	珠江新城	2681
627437	gz	车陂公寓	东溪和兴里	天河	1156	车陂	2657
23334	gz	南天广场	花城大道1号	天河	1156	珠江新城	2681
22187	gz	康湖山庄	康湖大街65号	天河	1156	员村	2656
23804	gz	云山翠苑	广州大道北522号	天河	1156	天河北	2682
83202	gz	天河都市兰亭花园	员村二横路11号	天河	1156	员村	2656
84240	gz	保林苑	华讯街2号	天河	1156	珠江新城	2681
83591	gz	广本宿舍	石牌东路237-245号	天河	1156	岗顶	2679
81044	gz	源泉广场	天源路130-144号	天河	1156	龙洞	2670
400089	gz	德欣小区	天河东路96-3号	天河	1156	体育中心	2680
23798	gz	中强雅苑	广州大道中1432号	天河	1156	广州大道中	7760
21199	gz	旭日雅苑幸福里	员村西街	天河	1156	员村	2656
2362378	gz	力达广场	粤垦路619号	天河	1156	粤垦	2683
20552	gz	金达苑	天润路	天河	1156	龙口西	7764
23866	gz	体育西苑	天河直街148号	天河	1156	体育西路	7767
83548	gz	远东大厦	天河北路413号	天河	1156	天河北	2682
485640	gz	聚龙阁	龙口西路219号	天河	1156	天河北	2682
21136	gz	漾晴居	华明路21号	天河	1156	珠江新城	2681
21072	gz	粤韵庭园	黄埔大道中	天河	1156	员村	2656
407872	gz	颐和四季公馆	粤垦路	天河	1156	东莞庄	94605
23944	gz	体育东横街小区	体育东横街	天河	1156	天河东路	7768
22967	gz	天雅阁	龙口西路558-574号	天河	1156	龙口西	7764
23369	gz	华景新城二期	粤生街62-100号	天河	1156	天河公园	2678
21023	gz	龙苑大厦	龙口西路	天河	1156	龙口西	7764
21039	gz	翠雅苑	禺东西路34-36号	天河	1156	天河北	2682
84555	gz	五羊新城雍景台	寺右二马路57号	天河	1156	珠江新城	2681
148092	gz	博雅御轩1号	兴盛路11号	天河	1156	珠江新城	2681
23291	gz	嘉怡苑	天河北路445号	天河	1156	天河北	2682
80846	gz	天平花苑	牛利岗大街	天河	1156	沙太南	7765
23856	gz	保利香槟花园	华穗路121号	天河	1156	珠江新城	2681
527844	gz	天惠家园	龙口中路190号	天河	1156	岗顶	2679
22781	gz	广工大五山教师村	东莞庄一横路	天河	1156	天河北	2682
83139	gz	金晖花苑	粤垦路	天河	1156	粤垦	2683
2362441	gz	林和西小区	林和西路	天河	1156	天河北	2682
23808	gz	九洲文化家园	东莞庄路38号	天河	1156	粤垦	2683
485706	gz	珠江太阳城广场	马场路38-2号	天河	1156	珠江新城	2681
2373634	gz	凯旋新世界广粤尊府	海风路	天河	1156	黄埔大道西	7762
23637	gz	凯德天河新作	天河东路77-83号	天河	1156	天河北	2682
23284	gz	园田居	天华街	天河	1156	五山	2655
83140	gz	海都轩	黄埔大道中144号	天河	1156	员村	2656
485603	gz	兰亭荟	平云路165号	天河	1156	珠江新城	2681
23303	gz	君紫花园	新陶大街	天河	1156	黄埔大道西	7762
485807	gz	龙口小区	龙口西路	天河	1156	龙口西	7764
23294	gz	喜阳居	中山大道西	天河	1156	天河公园	2678
400320	gz	德埔小区	黄埔大道西313号	天河	1156	天河南	2660
23305	gz	名门大厦	花城大道2-12号	天河	1156	珠江新城	2681
21081	gz	穗东花园	华翠街13-41号	天河	1156	天河公园	2678
84366	gz	天晟明苑	石牌西路111-119号	天河	1156	天河南	2660
83091	gz	信华经理人花园	华景东路216号	天河	1156	天河公园	2678
22249	gz	广信银兰苑	石牌东路137号	天河	1156	石牌	2658
84377	gz	员村二横路11号大院	员村二横路	天河	1156	员村	2656
83785	gz	西雅苑(天河)	体育西路125号	天河	1156	天河北	2682
83085	gz	光华大厦	天河北路82-88号	天河	1156	天河北	2682
83116	gz	龙口花苑	龙口西路	天河	1156	天河北	2682
640754	gz	翠竹苑(天河)	龙口东路137号	天河	1156	龙口东	7763
84453	gz	佳和新居	桃园西路	天河	1156	东圃	2677
408404	gz	员村白水塘小区	黄埔大道中	天河	1156	员村	2656
2362988	gz	伟腾嘉逸宽派	伟逸街8号	天河	1156	粤垦	2683
23792	gz	丽都花园	中山大道	天河	1156	中山大道	7773
2378530	gz	暨南大学苏州苑	黄埔大道西601号	天河	1156	岗顶	2679
21127	gz	环宇花园	中山大道100-122号	天河	1156	中山大道	7773
21092	gz	碧海湾	临江大道39号	天河	1156	珠江新城	2681
21938	gz	隽悦园	天府路157号	天河	1156	天河公园	2678
571857	gz	启明大街北四巷20号	启明大街北四巷20号	天河	1156	车陂	2657
84497	gz	车陂南楼	车陂路	天河	1156	车陂	2657
23922	gz	东河苑小区	广州大道中1166-1206号	天河	1156	广州大道中	7760
23918	gz	丽日广场	大德路90号	天河	1156	东圃	2677
22743	gz	富景花苑	广和路	天河	1156	天河南	2660
21129	gz	燕塘广场	广汕公路	天河	1156	天河北	2682
83659	gz	锦明街小区	锦明街12-95号	天河	1156	员村	2656
503606	gz	兰亭公寓	村一横路7号大院自编64号	天河	1156	员村	2656
485375	gz	福龙苑	粤垦路102号	天河	1156	粤垦	2683
84196	gz	富力天河华庭	华庭路3号	天河	1156	天河北	2682
84516	gz	丰乐居公寓	棠东丰华街	天河	1156	车陂	2657
84464	gz	员村街道办事处宿舍	员村新街7号	天河	1156	员村	2656
20900	gz	茶景苑	贤韵街10-20号	天河	1156	五山	2655
23372	gz	华建小区	东方三路	天河	1156	天河公园	2678
21197	gz	朝晖苑	天寿路2-8号	天河	1156	天河北	2682
23940	gz	汇富花园	燕都路34-42号	天河	1156	粤垦	2683
2362009	gz	华建小区北区	华港西街	天河	1156	天河公园	2678
407301	gz	珠光新城国际	花城大道665号	天河	1156	珠江新城	2681
83634	gz	富力爱丁堡国际公寓	华利路2号	天河	1156	珠江新城	2681
23029	gz	富力爱丁堡国际公寓	华利路2号	天河	1156	珠江新城	2681
22051	gz	时代花生(天河)	瑞兴街	天河	1156	广州大道中	7760
23289	gz	嘉怡花苑	龙怡路93-111号	天河	1156	龙口东	7763
23301	gz	员村公安宿舍	百合路33号	天河	1156	员村	2656
2361797	gz	合生骏景广场	中山大道西1138号	天河	1156	棠下	2664
667356	gz	穗园小区	龙口西路551号	天河	1156	天河北	2682
703741	gz	珠江颐德公馆	花城大道	天河	1156	珠江新城	2681
2373543	gz	珠江颐德公馆(别墅)	花城大道	天河	1156	黄埔大道西	7762
21090	gz	祥兴大厦	合晖街192号	天河	1156	天河北	2682
83550	gz	嘉裕君玥公馆	花城大道39号	天河	1156	珠江新城	2681
20736	gz	逸景翠园	广州大道南1028号	海珠	1155	广州大道南	2712
23537	gz	南珠广场北区	江燕路231号	海珠	1155	江燕路	7728
2362445	gz	琶洲新村	太和里左十一巷	海珠	1155	琶洲	2695
409455	gz	保利天悦	琶洲村新马路	海珠	1155	琶洲	2695
2414163	gz	保利天悦(商住楼)	琶洲村新马路	海珠	1155	琶洲	2695
22507	gz	海外花园	礼岗路	海珠	1155	昌岗	2687
22823	gz	柏涛雅苑	礼岗路6号	海珠	1155	昌岗	2687
20933	gz	英豪花园	盈丰路	海珠	1155	南洲	2697
400172	gz	翠怡小区	江南大道南路	海珠	1155	江南大道南	2710
81347	gz	晓港湾	英华街67号	海珠	1155	南洲	2697
22622	gz	保利红棉花园	江燕路353号	海珠	1155	江燕路	7728
655859	gz	第一金碧花园	工业大道南	海珠	1155	工业大道	2711
23609	gz	海富花园	江燕路88号	海珠	1155	江燕路	7728
22630	gz	保利花园	工业大道中400号	海珠	1155	工业大道中	7726
23883	gz	富基广场	小港路163号	海珠	1155	江南大道南	2710
2362213	gz	江南新苑三期	东晓南路	海珠	1155	新港西	2704
81388	gz	江南新苑	新港西路20号	海珠	1155	新港西	2704
22583	gz	海印南苑	海联路61-65号	海珠	1155	东晓南	2706
20881	gz	蓝色康园	滨江东路562号	海珠	1155	滨江	2686
2373322	gz	第三金碧花园(别墅)	工业大道南804号	海珠	1155	工业大道中	7726
20467	gz	第三金碧花园	工业大道南804号	海珠	1155	广州大道南	2712
21699	gz	雅郡花园	新港东路48号	海珠	1155	新港	2702
2373525	gz	雅郡花园(别墅)	新港东路48号	海珠	1155	琶洲	2695
20638	gz	第二金碧花园	金诚路	海珠	1155	工业大道南	7725
23890	gz	富力顺意花园	江燕路288号	海珠	1155	江燕路	7728
411017	gz	富景花园	新港西路68号	海珠	1155	新港西	2704
81389	gz	富景花园	新港西路68号	海珠	1155	新港西	2704
400026	gz	南景园	江燕路236号	海珠	1155	江燕路	7728
81395	gz	滨江怡苑芭堤水岸	滨江东路环月街2号	海珠	1155	滨江东	2709
81381	gz	帝景华苑	艺洲路	海珠	1155	赤岗	2693
23908	gz	江南雅居二期	信裕路	海珠	1155	江南西	2708
22634	gz	江南雅居	礼岗路	海珠	1155	昌岗	2687
406826	gz	合生帝景国际	昌岗中路188号	海珠	1155	昌岗	2687
23563	gz	双子星城	新港西路	海珠	1155	新港西	2704
81464	gz	星城格调	东晓南路	海珠	1155	东晓南	2706
20213	gz	锦丽居	锦丽街18-102号	海珠	1155	东晓南	2706
22856	gz	愉景雅苑	新港西路235号	海珠	1155	新港西	2704
21671	gz	顺景雅苑	顺景街4-16号	海珠	1155	新港西	2704
23502	gz	南北广场	宝岗大道9号	海珠	1155	宝岗	2707
2378691	gz	珠江帝景苑	艺苑路99号	海珠	1155	赤岗	2693
486389	gz	富力银禧花园	怡趣街13号	海珠	1155	滨江东	2709
22036	gz	珠江新岸公寓	玉菡路28号	海珠	1155	滨江东	2709
81186	gz	保利百合花园二期	凤岗路7号	海珠	1155	江燕路	7728
22535	gz	保利百合花园	工业大道中381号	海珠	1155	工业大道中	7726
21762	gz	丽景湾	滨江东路907号	海珠	1155	滨江东	2709
22568	gz	佳大银湾	怡海路	海珠	1155	滨江东	2709
22550	gz	侨诚花园	工业大道南253号	海珠	1155	江南大道南	2710
2362507	gz	侨诚花园宝通街小区	宝通街	海珠	1155	东晓南	2706
407324	gz	合生广场	广州大道南249号	海珠	1155	广州大道南	2712
22110	gz	滨江瑞城	东晓南路	海珠	1155	东晓南	2706
21973	gz	穗花新村	江南大道中162号	海珠	1155	江南大道南	2710
23500	gz	南华花园	凤景西路38号	海珠	1155	东晓南	2706
22674	gz	江南美景花园	新港西路82号	海珠	1155	新港西	2704
21716	gz	东翠花园	东翠南街2-30号	海珠	1155	新港西	2704
81385	gz	叠彩园	叠景路	海珠	1155	广州大道南	2712
23154	gz	动感华庭	康体街8号	海珠	1155	江燕路	7728
20588	gz	金穗雅园	广州大道南933号	海珠	1155	广州大道南	2712
2361933	gz	泓景花园B区	艺泓路23号	海珠	1155	赤岗	2693
23069	gz	愉景南苑	新港西路212号	海珠	1155	新港西	2704
22678	gz	泓景花园A区	艺泓路16号	海珠	1155	赤岗	2693
2361932	gz	泓景花园	赤岗北路18号	海珠	1155	赤岗	2693
81408	gz	金雅苑	滨江东路88号	海珠	1155	滨江东	2709
80642	gz	海逸花园	江南大道中110号	海珠	1155	江南大道中	7727
20935	gz	芳草轩	东晓南路1423号	海珠	1155	东晓南	2706
23527	gz	南洲名苑	怡居街59号	海珠	1155	南洲	2697
22650	gz	兰亭熙园	昌岗中路164号	海珠	1155	昌岗	2687
81399	gz	和平家园	广州大道南	海珠	1155	广州大道南	2712
21738	gz	万华花园	盈中路40号	海珠	1155	广州大道南	2712
22683	gz	森语星园	森语一街6-12号	海珠	1155	南洲	2697
20870	gz	蓝色快线	江南大道中	海珠	1155	江南大道中	7727
81414	gz	海天花苑	金菊路61-99号	海珠	1155	广州大道南	2712
22579	gz	佳信花园	新港中路485号	海珠	1155	新港	2702
23590	gz	嘉鸿花园	工业大道南997号	海珠	1155	工业大道	2711
20672	gz	金玫瑰苑	工业大道997号	海珠	1155	工业大道	2711
22220	gz	海意名苑	复兴十二巷48号	海珠	1155	江南大道南	2710
23885	gz	富力现代广场	工业大道76-78号	海珠	1155	工业大道	2711
21668	gz	合生颐景华苑	东晓南路	海珠	1155	东晓南	2706
21992	gz	益丰花园	江南大道北	海珠	1155	江南大道中	7727
400121	gz	昌盛小区	昌盛大街27-41号	海珠	1155	宝岗	2707
667205	gz	绿地滨江汇	石岗路	海珠	1155	工业大道南	7725
22841	gz	新鸿花园	江丽路155号	海珠	1155	赤岗	2693
517265	gz	市二宫小区	江南大道北	海珠	1155	其他	2703
80855	gz	凤凰新村	工业大道北	海珠	1155	工业大道北	7724
23879	gz	尚领时代	东晓南路	海珠	1155	东晓南	2706
22645	gz	泊雅湾	艺苑路207号	海珠	1155	新港	2702
22652	gz	江南玫瑰园	青竹大街23号	海珠	1155	江南西	2708
22629	gz	江燕花园	江燕路	海珠	1155	江燕路	7728
2362212	gz	江南新村	紫龙大街8号	海珠	1155	江南西	2708
21695	gz	雅致花园	工业大道373号	海珠	1155	工业大道	2711
757879	gz	珠光高派华庭	滨江东路586号	海珠	1155	中大	7734
23059	gz	悦安花园	泰沙路4号	海珠	1155	晓港	2705
81178	gz	金昌大厦	昌岗中路187号	海珠	1155	昌岗	2687
23157	gz	华乐苑	新港西路235-3号	海珠	1155	新港西	2704
23074	gz	怡龙苑	宝岗大道中165号	海珠	1155	宝岗	2707
21728	gz	世纪云顶雅苑	广州大道南252-282号	海珠	1155	广州大道南	2712
23892	gz	富力尚溢居	怡乐路38号	海珠	1155	滨江东	2709
409260	gz	可逸家园	青柳大街	海珠	1155	宝岗	2707
2362953	gz	万科派	江燕路	海珠	1155	江燕路	7728
148476	gz	爱都铭轩	东晓南路5号	海珠	1155	东晓南	2706
486664	gz	翠城花园	宝岗大道928号	海珠	1155	其他	2703
22817	gz	晓燕湾	晓燕街83号	海珠	1155	江燕路	7728
2362413	gz	南洲花苑C区	南新一街66号	海珠	1155	南洲	2697
23530	gz	南洲花苑	燕安一街11号	海珠	1155	南洲	2697
82555	gz	丽海雅居	滨江中路东沙街28-38号	海珠	1155	滨江东	2709
486368	gz	翠馨华庭	广州大道南966号	海珠	1155	琶洲	2695
22068	gz	瑞宝花园	东晓南路1510-1526号	海珠	1155	东晓南	2706
23623	gz	恒鑫东和湾	滨江东路698号	海珠	1155	滨江东	2709
22522	gz	丽林景苑	东晓南路	海珠	1155	南洲	2697
400171	gz	滨江新城市花园	东晓路62号	海珠	1155	新港西	2704
22030	gz	益鹏翠苑	益通三街	海珠	1155	广州大道南	2712
20945	gz	自由心岸	东晓路	海珠	1155	滨江东	2709
410846	gz	锦鸿花园	石榴岗路17号	海珠	1155	赤岗	2693
23559	gz	可逸豪苑	可逸中街	海珠	1155	江南西	2708
21767	gz	丽园雅庭	新港中路417号	海珠	1155	新港	2702
111111	gz	银业国际	海珠大道南859号	海珠	1155	新港	2702
23676	gz	富力千禧花园	新港西路17-19号	海珠	1155	新港西	2704
22594	gz	光大花园三期	榕景路122号	海珠	1155	工业大道	2711
486613	gz	富力千禧花园三期	千禧三街	海珠	1155	新港西	2704
2362038	gz	光大花园四期	榕景路	海珠	1155	工业大道北	7724
80586	gz	光大花园	革新路149-150号	海珠	1155	工业大道北	7724
22831	gz	晓园新村	江南大道南路3号	海珠	1155	昌岗	2687
23150	gz	加勒比湾	滨江东路	海珠	1155	滨江东	2709
571832	gz	嘉仕花园东区	怡宁街23号	海珠	1155	滨江东	2709
23665	gz	嘉仕花园	怡乐路33号	海珠	1155	滨江东	2709
22529	gz	中海名都	纺织路1号	海珠	1155	滨江东	2709
571885	gz	柏蕙花园	新港西路62号	海珠	1155	新港西	2704
21739	gz	绿茵翠庭	赤岗路翠庭一街1号	海珠	1155	赤岗	2693
22255	gz	中旅侨苑	昌岗中路166号	海珠	1155	昌岗	2687
22554	gz	电厂宿舍	大江冲路	海珠	1155	新港西	2704
80777	gz	光大花园二期	榕景路	海珠	1155	工业大道北	7724
406825	gz	滨江水恋	红梅路	海珠	1155	广州大道南	2712
23524	gz	南方花园	昌岗中路168号	海珠	1155	昌岗	2687
81508	gz	海洋雅苑	新港西路155号	海珠	1155	新港西	2704
22523	gz	中海锦苑	滨江东路957-961号	海珠	1155	滨江东	2709
21713	gz	中信君庭	滨江东路	海珠	1155	滨江东	2709
20687	gz	金海湾	滨江东路555号	海珠	1155	滨江	2686
23683	gz	晓港雅筑	昌岗东路270号	海珠	1155	昌岗	2687
23643	gz	和辉花园	和辉街15号	海珠	1155	广州大道南	2712
22826	gz	朗晴居二期	南华东路790号	海珠	1155	赤岗	2693
22816	gz	朗晴居	基立街	海珠	1155	滨江东	2709
81522	gz	聚德花苑南区	聚德中路	海珠	1155	赤岗	2693
2362291	gz	聚德花苑北区	聚德路18号	海珠	1155	赤岗	2693
81530	gz	聚德花苑	聚德路13-15号	海珠	1155	赤岗	2693
486627	gz	尚东峰景	南洲北路	海珠	1155	南洲	2697
22654	gz	江南翠菊园	紫来大街	海珠	1155	江南西	2708
82120	gz	星御翠园	凤康路135-167号	海珠	1155	广州大道南	2712
81428	gz	宝岗大厦	宝岗路251号	海珠	1155	宝岗	2707
20699	gz	金丰花园	赤岗路	海珠	1155	赤岗	2693
21682	gz	一方雅居	细岗路32号	海珠	1155	广州大道南	2712
20937	gz	花城湾畔	滨江中路380号	海珠	1155	滨江东	2709
2362208	gz	江南花园三期	宝业路	海珠	1155	沙园	2691
22676	gz	江南花园	宝业路	海珠	1155	宝岗	2707
21689	gz	锦骏华庭	滨江东路788号	海珠	1155	滨江东	2709
22647	gz	元邦明月园	赤岗东路231号	海珠	1155	赤岗	2693
23151	gz	加怡花园	侨港路	海珠	1155	东晓南	2706
23562	gz	可逸名庭	宝岗大道	海珠	1155	江南西	2708
503690	gz	海珠东沙街小区	东沙街	海珠	1155	前进路	7731
23147	gz	利安花园	艺苑西路	海珠	1155	赤岗	2693
23509	gz	华标涛景湾	滨江中路466号	海珠	1155	滨江东	2709
22206	gz	海景阁	怡海路28号	海珠	1155	滨江东	2709
23493	gz	南园居	新港东路	海珠	1155	新港	2702
81490	gz	海城花园	滨江东路	海珠	1155	滨江东	2709
81536	gz	明珠东苑	海联路188-190号	海珠	1155	滨江东	2709
21657	gz	鸿福大厦	君雅街33-35号	海珠	1155	昌岗	2687
81474	gz	恒龙苑	宝岗大道143号	海珠	1155	宝岗	2707
503717	gz	珠江帝景紫龙府	艺洲路602号	海珠	1155	赤岗	2693
22641	gz	江南骏园	骏园南街26号	海珠	1155	工业大道北	7724
22854	gz	敦和花园	敦和路89-143号	海珠	1155	广州大道南	2712
80841	gz	江南苑	宝业路	海珠	1155	工业大道北	7724
2360910	gz	宝岗大道小区	宝岗大道124-140号	海珠	1155	宝岗	2707
2361657	gz	东银广场晓翠庭	前进路173号	海珠	1155	前进路	7731
21715	gz	东银广场	东晓路280号	海珠	1155	东晓南	2706
2362485	gz	细岗路小区	细岗路	海珠	1155	晓港	2705
81521	gz	远安小区	滨江东路454号	海珠	1155	滨江东	2709
20644	gz	金碧湾	革新路	海珠	1155	工业大道北	7724
23572	gz	天汇大厦	江南东路39-41号	海珠	1155	江南西	2708
23801	gz	康泰花园(海珠)	康泰街	海珠	1155	江南大道南	2710
757892	gz	滨江明珠	滨江东路209号	海珠	1155	滨江东	2709
23632	gz	怡安花园	怡安路	海珠	1155	前进路	7731
22197	gz	海琴湾	滨江东路511号	海珠	1155	滨江东	2709
22252	gz	润泰大厦	江泰路51号	海珠	1155	东晓南	2706
22190	gz	海珠半岛花园	滨江东路37号	海珠	1155	滨江东	2709
22185	gz	珠影小区	新港中路354号	海珠	1155	赤岗	2693
81857	gz	晓安苑	逸安街48号	海珠	1155	东晓南	2706
22536	gz	保利海棠花园	江燕北路9号	海珠	1155	江燕路	7728
21681	gz	万丰花园	前进路54号	海珠	1155	前进路	7731
21656	gz	鸿荣阁	江燕路	海珠	1155	工业大道中	7726
22680	gz	汇美南苑	汇美街	海珠	1155	广州大道南	2712
22156	gz	润南花园	南泰路654号	海珠	1155	江南大道南	2710
2362772	gz	颐景华苑四期	东晓南路	海珠	1155	南洲	2697
486479	gz	南园大街小区	南园大街	海珠	1155	前进路	7731
22517	gz	江南乐居苑	松漱前29号	海珠	1155	宝岗	2707
22670	gz	凤安花园	革新路	海珠	1155	工业大道北	7724
83004	gz	晓园北小区	晓园北路	海珠	1155	昌岗	2687
23505	gz	南丰阁	江南西路73号	海珠	1155	江南西	2708
23545	gz	南珠广场	江燕路111号	海珠	1155	江燕路	7728
22014	gz	琴海居	东庆街1号	海珠	1155	广州大道南	2712
2363366	gz	紫龙大街小区	紫龙大街118号	海珠	1155	江南西	2708
23512	gz	华怡花园	石榴岗10号	海珠	1155	赤岗	2693
23587	gz	坚真花园	聚德西路	海珠	1155	赤岗	2693
486669	gz	江南西小区	江南西路98号	海珠	1155	其他	2703
82498	gz	海悦大厦	福场路48号	海珠	1155	宝岗	2707
23692	gz	宝岗大道中小区	宝岗大道中123号	海珠	1155	宝岗	2707
400147	gz	凤阳小区	泰沙路	海珠	1155	江南大道南	2710
21676	gz	万寿雅苑	万寿北路48号	海珠	1155	滨江东	2709
22837	gz	明都华庭	南洲北路	海珠	1155	南洲	2697
20650	gz	金影花园	艺苑南路	海珠	1155	新港	2702
23578	gz	粤沛大学印象	江怡路208号	海珠	1155	滨江东	2709
83666	gz	工业大道中375号大院	工业大道中路	海珠	1155	工业大道中	7726
83193	gz	工业大道425号大院	工业大道425号	海珠	1155	工业大道南	7725
83692	gz	工业大道中385号大院	工业大道中385号	海珠	1155	工业大道中	7726
20770	gz	赤岗苑	碧映路靖晖街1-9号	海珠	1155	赤岗	2693
400182	gz	鹭江小区	鹭江西街	海珠	1155	新港西	2704
21702	gz	顺华名庭	新港西路	海珠	1155	新港西	2704
21664	gz	高教花园	新港东路38号	海珠	1155	赤岗	2693
21818	gz	米兰苑	广州大道南	海珠	1155	广州大道南	2712
22544	gz	保利丰花园	洪德路185号	海珠	1155	工业大道南	7725
81278	gz	跃进新村	江南大道南	海珠	1155	江南大道南	2710
21799	gz	经典居	广州大道南228号	海珠	1155	广州大道南	2712
81828	gz	会展世界城	新港东路	海珠	1155	琶洲	2695
22539	gz	保利康桥	滨江东路502号	海珠	1155	滨江东	2709
82462	gz	恒鑫御雅庭	江海大道中	海珠	1155	赤岗	2693
22241	gz	润汇大厦	江南西路66号	海珠	1155	江南西	2708
81467	gz	星海明珠	金菊路1号	海珠	1155	广州大道南	2712
21721	gz	东晓花苑	海联路138-158号	海珠	1155	东晓南	2706
20783	gz	怡雅居	赤岗东路301号	海珠	1155	赤岗	2693
2362906	gz	同福中路小区	同福中路	海珠	1155	宝岗	2707
81457	gz	华保花园	石榴岗路14号	海珠	1155	赤岗	2693
81425	gz	听涛雅苑	滨江东路700-710号	海珠	1155	滨江东	2709
527789	gz	万寿路小区	万寿路	海珠	1155	前进路	7731
23579	gz	珠江大家庭花园	庭园路91-111号	海珠	1155	新港	2702
81200	gz	素社直街小区	素社直街	海珠	1155	前进路	7731
2362377	gz	南村路小区	南村路20-28号	海珠	1155	宝岗	2707
23891	gz	富力朗逸轩	南村路51号	海珠	1155	南洲	2697
21974	gz	穗发花园	新港西路142号	海珠	1155	新港西	2704
81435	gz	影城花园	新港中路350-5号	海珠	1155	赤岗	2693
409574	gz	力迅时光里	海逸街9号	海珠	1155	江南大道南	2710
22623	gz	浪琴居	滨江东路758号	海珠	1155	滨江东	2709
22576	gz	会展西岸	磨碟沙大街	海珠	1155	新港	2702
23571	gz	天海庭	天海街21-1号	海珠	1155	江燕路	7728
81552	gz	索丽苑	聚德南路48号	海珠	1155	赤岗	2693
22615	gz	海印明珠花园	东晓路193号	海珠	1155	东晓南	2706
81367	gz	礼岗路小区	礼岗路	海珠	1155	昌岗	2687
21760	gz	丽景花园	环路408号	海珠	1155	赤岗	2693
486630	gz	西基东小区	西基东路	海珠	1155	宝岗	2707
20806	gz	丽景花苑	新港东路38-72号	海珠	1155	赤岗	2693
20321	gz	锦安苑	新市头路100号	海珠	1155	赤岗	2693
23595	gz	嘉汇华庭	前进路63号	海珠	1155	前进路	7731
522067	gz	中海联同福睿府	同福东路608号	海珠	1155	江南大道中	7727
83253	gz	东丰阁	华丰街	海珠	1155	前进路	7731
2362486	gz	下渡路小区	下渡路	海珠	1155	广州大道南	2712
517260	gz	七所社区	新港中路375号	海珠	1155	其他	2703
81518	gz	汇龙居	赤岗东路271-277号	海珠	1155	赤岗	2693
503699	gz	紫丹阁	紫丹大街52号	海珠	1155	江南西	2708
2362290	gz	罗马家园拜庭一期	沥滘水基大街	海珠	1155	南洲	2697
486536	gz	罗马家园	南洲路88号	海珠	1155	南洲	2697
2363271	gz	珠江罗马家园龙禧	南洲路	海珠	1155	南洲	2697
22600	gz	瀚林水岸	怡乐路45号	海珠	1155	怡乐路	7733
81715	gz	电器研究所大院	新港西路206号	海珠	1155	新港西	2704
81532	gz	马涌直街小区	宝岗路	海珠	1155	宝岗	2707
486302	gz	客村花园	赤岗西路238-244号	海珠	1155	赤岗	2693
407936	gz	毛纺小区	新港中路452号之二	海珠	1155	赤岗	2693
23584	gz	塞纳森晴	进路148号	海珠	1155	晓港	2705
83195	gz	海珠花园	前进路148号	海珠	1155	前进路	7731
486210	gz	赤岗三街小区	赤岗三街	海珠	1155	赤岗	2693
23689	gz	宏宇广场	宝岗大道10-12号	海珠	1155	宝岗	2707
23697	gz	客村苑	敦和路140号	海珠	1155	广州大道南	2712
21764	gz	丽影华庭	新港中路365号	海珠	1155	新港	2702
2362533	gz	晓港中马路小区	晓港中马路2号	海珠	1155	晓港	2705
2361193	gz	昌岗路公安局宿舍	昌岗路	海珠	1155	晓港	2705
81520	gz	宏宇广场二期罗马假日	宝岗大道183号	海珠	1155	宝岗	2707
2362017	gz	革新路小区	革新路	海珠	1155	工业大道北	7724
2361587	gz	东华星域	江南大道中79号	海珠	1155	海幢	2689
21768	gz	丰盈居	蕙兰路1号	海珠	1155	广州大道南	2712
81512	gz	嘉丽苑	紫丹大街53号	海珠	1155	江南西	2708
22672	gz	江景苑	下渡路	海珠	1155	新港西	2704
522065	gz	万松园小区	万松园7号	海珠	1155	江南西	2708
22162	gz	润田雅苑	宝岗路32号	海珠	1155	宝岗	2707
503671	gz	江燕路小区	江燕路	海珠	1155	江燕路	7728
503754	gz	昌岗小区	昌岗中路146-152号	海珠	1155	宝岗	2707
23644	gz	广发新村	新港中路489号	海珠	1155	新港	2702
571803	gz	江湾花苑	江湾路	海珠	1155	滨江	2686
82295	gz	礼岗小区	江南大道南398号	海珠	1155	江南大道南	2710
22651	gz	兰亭御园	南华中路180号	海珠	1155	前进路	7731
81157	gz	金碧花园碧水闲庭	工业大道南	海珠	1155	工业大道南	7725
23686	gz	好信广场	好信街8号	海珠	1155	南洲	2697
400103	gz	杏园小区	杏园大街	海珠	1155	宝岗	2707
22638	gz	江畔华庭	滨江东路	海珠	1155	滨江东	2709
81885	gz	大江苑	南贤大街1号	海珠	1155	新港西	2704
20740	gz	新港西远洋宿舍	新港西路35号	海珠	1155	新港	2702
22019	gz	盈丰华轩	凤岗路44号	海珠	1155	工业大道中	7726
21646	gz	鹭苑公寓	下渡路	海珠	1155	新港西	2704
81747	gz	滨江东500号大院	滨江东路500号	海珠	1155	滨江东	2709
411921	gz	沙园西华苑社区	江燕路	海珠	1155	宝岗	2707
517263	gz	沙园小区	沙园大街	海珠	1155	宝岗	2707
527787	gz	郭墩街小区	郭墩新街	海珠	1155	前进路	7731
2363375	gz	紫山大街小区	紫山大街	海珠	1155	江南西	2708
81442	gz	金星花园	海崖街1-19号	海珠	1155	赤岗	2693
23687	gz	学林华轩	南村路28-30号	海珠	1155	前进路	7731
407722	gz	中海橡园国际	水榕路83-85号	海珠	1155	工业大道北	7724
21700	gz	会展宫寓	石基路	海珠	1155	新港	2702
407191	gz	利海假日轩	赤岗东路	海珠	1155	赤岗	2693
82709	gz	得胜岗大院	江南大道中151-160号	海珠	1155	江南大道中	7727
23593	gz	嘉银华庭	紫丹大街59号	海珠	1155	江南西	2708
400109	gz	昌岗东电信大厦	昌岗东路286-292号	海珠	1155	昌岗	2687
23581	gz	基立大厦	前进北街	海珠	1155	前进路	7731
22818	gz	椰诚苑	江湾路20-108号	海珠	1155	滨江东	2709
517262	gz	电子第七研究所小区	新市头路375号	海珠	1155	新港西	2704
503730	gz	海珠前进路大院	前进路45号	海珠	1155	前进路	7731
81533	gz	穗宁花园	泰沙路42-74号	海珠	1155	东晓南	2706
400149	gz	海城花苑	东晓路	海珠	1155	新港西	2704
20940	gz	聚雅苑	怡乐路	海珠	1155	滨江东	2709
23061	gz	康隆苑	宝业路124号	海珠	1155	江南西	2708
22586	gz	六福华庭	赤岗路	海珠	1155	赤岗	2693
23877	gz	德盛苑	敦和路298号	海珠	1155	赤岗	2693
22472	gz	祈乐苑(海珠)	怡乐路70号	海珠	1155	赤岗	2693
486448	gz	赤岗东小区	赤岗一街12-7号	海珠	1155	赤岗	2693
81531	gz	明晖苑	敦和路78号	海珠	1155	广州大道南	2712
82467	gz	鹭江公寓	下渡路	海珠	1155	新港西	2704
486639	gz	远锋大厦	工业大道北83-1号	海珠	1155	工业大道	2711
20713	gz	远锋大厦	工业大道北81号	海珠	1155	工业大道北	7724
22073	gz	细岗东大院	细岗路	海珠	1155	昌岗	2687
660057	gz	晓城大厦	英华街159号	海珠	1155	东晓南	2706
2363121	gz	西华街小区	西华街	海珠	1155	沙园	2691
20531	gz	金豪嘉苑	上渡路	海珠	1155	赤岗	2693
22813	gz	民泰阁	南泰路8号	海珠	1155	江南大道南	2710
486466	gz	墩和路小区	墩和路136号	海珠	1155	广州大道南	2712
22648	gz	兰亭颖园	前进路33号	海珠	1155	前进路	7731
407572	gz	赤岗一街小区	赤岗一街	海珠	1155	赤岗	2693
486515	gz	纵横公寓	新港中路456号	海珠	1155	赤岗	2693
81644	gz	海联路大院	海联路30号	海珠	1155	滨江东	2709
83684	gz	和安大厦	永翠路30号	海珠	1155	工业大道南	7725
23148	gz	凤阳苑	江泰路8号之3	海珠	1155	江南大道南	2710
21662	gz	鸣翠花园	新溪路25号	海珠	1155	工业大道	2711
23691	gz	宝岗华庭	莲花南街2号	海珠	1155	宝岗	2707
80844	gz	星河湾畅心园	沿江东路	番禺	1159	大石	2729
635673	gz	星河湾朗心园	沿江东路	番禺	1159	大石	2729
503464	gz	星河湾国际公寓商住楼	沿江东路	番禺	1159	桥南	2717
400546	gz	星河湾四期	沿江东路	番禺	1159	华南	2733
503525	gz	星河湾6号园	沿江东路	番禺	1159	大石	2729
410838	gz	星河湾半岛	沙溪大道480号	番禺	1159	大石	2729
21503	gz	星河湾悦心园	沿江东路	番禺	1159	大石	2729
84492	gz	星座园	沿江东路	番禺	1159	大石	2729
571766	gz	雅居乐剑桥郡	南大路	番禺	1159	华南	2733
2401312	gz	雅居乐剑桥郡	翠景南路17号	番禺	1159	其他	2727
84486	gz	锦绣银湾	朝阳东路423-425号	番禺	1159	大石	2729
2372089	gz	万科欧泊	兴南大道368号	番禺	1159	华南	2733
23489	gz	广州雅居乐花园御景峰	观景路	番禺	1159	华南	2733
667184	gz	广州雅居乐花园时光九篇	兴南大道	番禺	1159	其他	2727
21556	gz	广州雅居乐花园新地	观景路	番禺	1159	大石	2729
21561	gz	广州雅居乐花园天域	观景路274号	番禺	1159	市桥	2714
2373526	gz	锦绣银湾(别墅)	朝阳东路423-425号	番禺	1159	华南	2733
148343	gz	广州雅居乐花园十年小雅	观景路	番禺	1159	华南	2733
667365	gz	保利大都汇	汉溪大道东	番禺	1159	钟村	2731
21558	gz	广州雅居乐花园上善若水	兴南大道	番禺	1159	华南	2733
22483	gz	华南碧桂园碧翠苑	迎宾路	番禺	1159	华南	2733
84332	gz	华南碧桂园盈峰翠庭	迎宾路	番禺	1159	华南	2733
484079	gz	敏捷四季花园	南大路	番禺	1159	华南	2733
80746	gz	尚东尚筑	清河东路	番禺	1159	市桥	2714
416375	gz	奥园养生广场	德信路226号	番禺	1159	桥南	2717
22500	gz	华南碧桂园景翠苑	迎宾路	番禺	1159	华南	2733
22484	gz	华南碧桂园映翠桃园	迎宾路	番禺	1159	华南	2733
22485	gz	华南碧桂园漾翠苑	迎宾路	番禺	1159	华南	2733
484311	gz	广地花园(别墅)	迎宾大道	番禺	1159	南村	94521
2362133	gz	广州雅居乐花园俊园	兴南大道	番禺	1159	华南	2733
22486	gz	华南碧桂园怡翠苑	迎宾路	番禺	1159	华南	2733
571905	gz	华南碧桂园岭御苑	迎宾路	番禺	1159	华南	2733
81798	gz	华南碧桂园六米阳光	迎宾路	番禺	1159	华南	2733
22490	gz	华南碧桂园叠翠苑	迎宾路	番禺	1159	华南	2733
22503	gz	华南碧桂园	迎宾路	番禺	1159	华南	2733
21560	gz	广州雅居乐花园	兴南大道	番禺	1159	大石	2729
148341	gz	广州雅居乐花园一尺山居	兴南大道	番禺	1159	华南	2733
414206	gz	敏捷上品公馆	市广路	番禺	1159	市桥	2714
84490	gz	星河湾荟心园	沿江东路	番禺	1159	大石	2729
2372445	gz	华南碧桂园翠山蓝天(别墅)	迎宾路	番禺	1159	华南	2733
411903	gz	广信桥东大厦	芳村大道西277号	番禺	1159	市桥	2714
483980	gz	广州雅居乐花园雅逸庭	兴南大道	番禺	1159	市桥	2714
408195	gz	诺德中心城	番禺大道北666号	番禺	1159	华南	2733
84481	gz	洛湖居	北环路	番禺	1159	洛溪	2728
503513	gz	诺德名都	兴业大道西989号	番禺	1159	华南	2733
21431	gz	珠江怡景湾	榕江街3-7号	番禺	1159	大石	2729
21540	gz	珠江花园	沙溪大道282号	番禺	1159	大石	2729
20519	gz	金海岸花园	金海岸大道	番禺	1159	石碁	2732
2400453	gz	金海岸花园	南祥路21号	番禺	1159	其他	2727
82028	gz	金海岸花园二期	金海岸大道	番禺	1159	市桥	2714
2399523	gz	富景花园	南歧中路	番禺	1159	其他	2727
22474	gz	华荟南景园	华荟路	番禺	1159	桥南	2717
2401485	gz	星汇云锦	兴南路25号	番禺	1159	其他	2727
20972	gz	自在城市花园	迎宾路	番禺	1159	市桥	2714
20567	gz	自在城市花园	迎宾路	番禺	1159	华南	2733
503477	gz	时代外滩	沙溪大道	番禺	1159	洛溪	2728
148342	gz	广州雅居乐花园浅山小筑	观景路	番禺	1159	华南	2733
23119	gz	东海花园	迎宾路上窖路段68号	番禺	1159	大石	2729
2401227	gz	瑞安花园	豪安路	番禺	1159	其他	2727
22355	gz	广州碧桂园	南浦大道	番禺	1159	南浦	7723
2373458	gz	广州碧桂园(别墅)	南浦大道	番禺	1159	南浦	7723
2373246	gz	锦绣香江百合园	锦绣路	番禺	1159	华南	2733
2373239	gz	锦绣香江玉兰园	锦绣路	番禺	1159	华南	2733
2377470	gz	锦绣香江布查特官邸二期	锦绣路	番禺	1159	华南	2733
81670	gz	锦绣香江布查特官邸三期	锦绣路	番禺	1159	华南	2733
503529	gz	锦绣香江布查特国际公寓	锦绣路	番禺	1159	华南	2733
2373242	gz	锦绣香江牡丹园	锦绣路	番禺	1159	华南	2733
2373240	gz	锦绣香江山水园	锦绣路	番禺	1159	华南	2733
81484	gz	锦绣香江山水华府	锦绣路	番禺	1159	大石	2729
2373245	gz	锦绣香江丹桂园	锦绣路	番禺	1159	华南	2733
2373244	gz	锦绣香江丁香园	锦绣路	番禺	1159	华南	2733
2403049	gz	碧秀花园	大兴路	番禺	1159	其他	2727
20606	gz	祈福水城	中良路33号	番禺	1159	桥南	2717
23448	gz	东华花园	广华北路	番禺	1159	市桥	2714
2398688	gz	东华花园	宏基路27号	番禺	1159	其他	2727
2361574	gz	东华花园二期	广华北路	番禺	1159	石碁	2732
23102	gz	中海蓝湾	如意路128号	番禺	1159	大石	2729
503475	gz	珊瑚天峰	沙溪大道381号	番禺	1159	大石	2729
2373527	gz	珊瑚湾畔(别墅)	沙溪大道	番禺	1159	洛溪	2728
21443	gz	珊瑚湾畔	沙溪大道	番禺	1159	市桥	2714
2400629	gz	康乐园	明珠路	番禺	1159	其他	2727
80989	gz	康乐园	光明北路107号	番禺	1159	市桥	2714
21512	gz	新月明珠花园	景华南路30号	番禺	1159	大石	2729
21542	gz	康裕园	康乐路	番禺	1159	市桥	2714
23431	gz	东方白云花园	富怡路	番禺	1159	市桥	2714
22560	gz	北丽园	光明北路	番禺	1159	市桥	2714
84606	gz	如意花园	芳村大道568-572号	番禺	1159	洛溪	2728
20448	gz	锦绣半岛	环岛西路121号	番禺	1159	洛溪	2728
2362262	gz	锦绣生态园乐满园	祈福路	番禺	1159	钟村	2731
84489	gz	锦绣生态园	骏业路	番禺	1159	钟村	2731
522060	gz	祈福新邨活力花园	学院路	番禺	1159	祈福	2730
84479	gz	祈福新邨活力花园	学院路	番禺	1159	祈福	2730
503452	gz	雅居乐城南源著	南城路	番禺	1159	市桥	2714
22580	gz	侨基花园	东环路487号	番禺	1159	市桥	2714
409225	gz	海印星玥	番禺大道北383号	番禺	1159	华南	2733
23083	gz	今日丽舍	南大路	番禺	1159	大石	2729
21541	gz	康裕大厦	康乐路154号	番禺	1159	市桥	2714
2400203	gz	合生帝景苑	中山六路188号	番禺	1159	其他	2727
2362392	gz	南沙保利城	鸡谷山路	番禺	1159	黄阁	2722
21497	gz	朗陶居	福景路944号	番禺	1159	桥南	2717
84560	gz	吉祥北园D区	洛溪路	番禺	1159	洛溪	2728
22445	gz	吉祥北园	洛溪路	番禺	1159	洛溪	2728
84565	gz	吉祥北园A区	洛溪路	番禺	1159	洛溪	2728
84576	gz	吉祥北园C区	吉祥北路	番禺	1159	洛溪	2728
22448	gz	吉祥北园B区	吉祥北路	番禺	1159	洛溪	2728
148395	gz	庄士映蝶蓝湾	莲港大道	番禺	1159	石楼	2725
2373528	gz	庄士映蝶蓝湾(别墅)	莲港大道	番禺	1159	石楼	2725
22561	gz	加富花园	富怡路	番禺	1159	石碁	2732
23501	gz	广州雅居乐花园雅悦庭	兴南大道	番禺	1159	华南	2733
23441	gz	东怡新区	清河东路	番禺	1159	石碁	2732
484160	gz	中颐海伦堡花样年华	福德路223号	番禺	1159	桥南	2717
483979	gz	金沙御苑	中良路32号	番禺	1159	桥南	2717
2362651	gz	尚岛国际	南浦大道	番禺	1159	南浦	7723
20518	gz	金沙湾花园	中华大道505号	番禺	1159	桥南	2717
21403	gz	番禺奥林匹克花园	市良路9号	番禺	1159	桥南	2717
23510	gz	广州雅居乐花园雅湖居	兴南大道	番禺	1159	华南	2733
763368	gz	广州雅居乐花园雅翠庭	观景路	番禺	1159	雅居乐	94520
507907	gz	祈福新邨A区(别墅)	福临路	番禺	1159	祈福	2730
484062	gz	美心翠拥华庭	清河东路137-139号	番禺	1159	其他	2727
21509	gz	昊龙花园北区	中华大道893号	番禺	1159	桥南	2717
22399	gz	富庭东园	建华路89号	番禺	1159	大石	2729
23513	gz	洛溪新城雅澜苑	洛溪路	番禺	1159	洛溪	2728
21467	gz	洛溪新城	如意一马路	番禺	1159	洛溪	2728
2363099	gz	中大城	双山大道	番禺	1159	黄阁	2722
503449	gz	信基城	迎宾路	番禺	1159	华南	2733
2399322	gz	花样年华	月桂西路	番禺	1159	其他	2727
21469	gz	洛涛北区	北环路	番禺	1159	洛溪	2728
84512	gz	海天花园	洛溪路2号	番禺	1159	洛溪	2728
2377255	gz	招商金山谷领仕	东艺路81号	番禺	1159	祈福	2730
2378996	gz	招商金山谷e度	东艺路81号	番禺	1159	祈福	2730
2373540	gz	招商金山谷(别墅)	东艺路81号	番禺	1159	祈福	2730
503466	gz	招商金山谷	东艺路81号	番禺	1159	市桥	2714
84504	gz	滨江绿园	朝阳东路178号	番禺	1159	大石	2729
21543	gz	康裕北苑南区	西丽路	番禺	1159	市桥	2714
652371	gz	祈福新邨蝶舞轩	祈福大道	番禺	1159	钟村	2731
20534	gz	西城花园	西丽南路116号	番禺	1159	市桥	2714
2377461	gz	龙光棕榈水岸(别墅)	金蕉大道	番禺	1159	黄阁	2722
2362691	gz	雅居乐鸿禧华庭二期	桥兴大道	番禺	1159	市桥	2714
2362692	gz	雅居乐鸿禧华庭三期	光明北路373号	番禺	1159	市桥	2714
2401424	gz	恒大绿洲	广珠公路	番禺	1159	其他	2727
80808	gz	雅居乐鸿禧华庭一期	光明北路283号	番禺	1159	市桥	2714
405813	gz	中颐海伦堡	南华路	番禺	1159	桥南	2717
22400	gz	富庭华园	朝阳路	番禺	1159	大石	2729
2398747	gz	中颐海伦堡	南坦路9号	番禺	1159	其他	2727
407427	gz	中颐海伦堡	南华路	番禺	1159	市桥	2714
21533	gz	彩虹花园	川龙街1号	番禺	1159	洛溪	2728
2400987	gz	彩虹花园	翠沙路	番禺	1159	其他	2727
20546	gz	裕景花园西区	洛溪南路	番禺	1159	大石	2729
2362853	gz	裕景花园东区	洛溪路	番禺	1159	洛溪	2728
647284	gz	裕景花园	洛溪路	番禺	1159	洛溪	2728
22404	gz	富华花园	市桥街	番禺	1159	市桥	2714
80735	gz	星河湾赏心园	沿江东路	番禺	1159	大石	2729
484168	gz	祈福新邨山泉居	市广路	番禺	1159	祈福	2730
667337	gz	美心翡翠明庭	清河东路	番禺	1159	石碁	2732
80656	gz	华侨城	西丽南路228号	番禺	1159	市桥	2714
517199	gz	亚运源筑	亚运南路	番禺	1159	亚运城	94270
80604	gz	华南碧桂园翠云山	兴业大道	番禺	1159	华南	2733
2362657	gz	尚东数字居	迎宾路	番禺	1159	华南	2733
2373542	gz	华南碧桂园翠云山(别墅)	兴业大道	番禺	1159	华南	2733
23094	gz	丽水湾	宾至路	番禺	1159	大石	2729
2403134	gz	中海龙湾国际	兴利路3号	番禺	1159	其他	2727
21456	gz	海龙湾	新浦南路	番禺	1159	洛溪	2728
81069	gz	东湖洲花园A区	傍雁路	番禺	1159	市桥	2714
20622	gz	祈福新邨月明轩	市广路	番禺	1159	祈福	2730
2402424	gz	越秀可逸豪苑	坦背西二马路153号	番禺	1159	其他	2727
21472	gz	洛涛南区	如意一马路	番禺	1159	洛溪	2728
484326	gz	大岗绿庭雅苑	东升路228号	番禺	1159	大岗	2719
571696	gz	诺德名筑	兴业大道西	番禺	1159	华南	2733
22469	gz	华荟明苑	华荫西路	番禺	1159	大石	2729
22456	gz	南村南兴花园	兴业大道	番禺	1159	华南	2733
2398644	gz	南兴花园	博爱三路	番禺	1159	其他	2727
2399440	gz	发电厂宿舍	大伯山正街68号	番禺	1159	其他	2727
22558	gz	北城白云花园	捷进中路6号	番禺	1159	市桥	2714
2403162	gz	雅怡居	坦神南路23号	番禺	1159	其他	2727
2399655	gz	中熙朗晴居	南岐南路	番禺	1159	其他	2727
80715	gz	石基城市花园	清河东路	番禺	1159	石碁	2732
484219	gz	We公馆	大石街	番禺	1159	大石	2729
709621	gz	信业尚誉	亚运大道198号	番禺	1159	市桥	2714
81053	gz	奥园文化长廊	汉溪大道东	番禺	1159	华南	2733
2373171	gz	丽江花园德字楼	新园路	番禺	1159	南浦	7723
2373168	gz	丽江花园康城居	新湖路	番禺	1159	南浦	7723
2373164	gz	丽江花园星海洲	新园路	番禺	1159	南浦	7723
2362719	gz	亚运城运动员村	兴亚二路	番禺	1159	亚运城	94270
710948	gz	亚运城技术官员村	亚运大道	番禺	1159	亚运城	94270
503485	gz	亚运城媒体村南区	兴亚二路	番禺	1159	亚运城	94270
406483	gz	亚运城	兴亚二路	番禺	1159	亚运城	94270
2383484	gz	亚运城5号	康体路	番禺	1159	亚运城	94270
80773	gz	南国奥林匹克花园	汉溪大道	番禺	1159	钟村	2731
571819	gz	亚运城媒体村北区	兴亚二路1号	番禺	1159	大学城	94271
21537	gz	彩晴轩	光明北路585号	番禺	1159	市桥	2714
2362342	gz	康裕北苑西区	西丽路	番禺	1159	市桥	2714
2362340	gz	康裕北苑东区	西丽路	番禺	1159	市桥	2714
21398	gz	康裕北苑	西丽北路	番禺	1159	市桥	2714
2402742	gz	中铭宝翠园	兴工路48号	番禺	1159	其他	2727
2383505	gz	丽江花园如英居	沿沙东路63号	番禺	1159	南浦	7723
23112	gz	东秀园	清河东路283号	番禺	1159	市桥	2714
407349	gz	天安菁华公寓	迎宾路730号	番禺	1159	华南	2733
2373161	gz	丽江花园左岸	新虹路	番禺	1159	南浦	7723
503439	gz	番禺工业路小区	工业路20号	番禺	1159	市桥	2714
2362773	gz	四海城	汉溪大道东	番禺	1159	华南	2733
23452	gz	东信华庭	清河东路251号	番禺	1159	石碁	2732
2373169	gz	丽江花园九如通津	新湖路	番禺	1159	南浦	7723
2373170	gz	丽江花园华林居	新湖路	番禺	1159	南浦	7723
2373167	gz	丽江花园丽岛翠苑	新湖路	番禺	1159	南浦	7723
22482	gz	华南碧桂园翠山蓝天	迎宾路	番禺	1159	华南	2733
20583	gz	绿茵庭园	光明北路233号	番禺	1159	市桥	2714
80621	gz	华南碧桂园翠宏台	迎宾路	番禺	1159	华南	2733
2362654	gz	星力时代豪庭	迎星路	番禺	1159	市桥	2714
2398832	gz	丽江花园	美景东路6号	番禺	1159	其他	2727
81037	gz	丽江花园丽字楼	新园路	番禺	1159	大石	2729
20575	gz	美心东苑	清河东路	番禺	1159	市桥	2714
22432	gz	番禺喜盈雅境	南城路343号	番禺	1159	桥南	2717
484166	gz	水韵蓝湾	草韵路	番禺	1159	市桥	2714
2373541	gz	水韵蓝湾(别墅)	草韵路1号	番禺	1159	桥南	2717
82102	gz	桥福园桥华楼	东环路163号	番禺	1159	市桥	2714
21489	gz	桥福园	富华东路538号	番禺	1159	市桥	2714
484005	gz	富豪山庄景峰豪庭	市广路232号	番禺	1159	市桥	2714
757827	gz	康泰花园(番禺)	东平路48号	番禺	1159	其他	2727
20512	gz	鑫润花园	富裕路	番禺	1159	市桥	2714
503520	gz	南兴花苑	兴业路	番禺	1159	华南	2733
21479	gz	江南新邨	光明北路	番禺	1159	桥南	2717
2399919	gz	保利春天里	博爱路	番禺	1159	其他	2727
2362039	gz	华南新城碧浩居	南大路	番禺	1159	华南	2733
2402799	gz	乐怡居	隆都南路1号	番禺	1159	其他	2727
2362037	gz	华南新城碧波居	南大路	番禺	1159	华南	2733
2362042	gz	华南新城江山颐景	浣溪沙路	番禺	1159	华南	2733
22520	gz	华南新城江曦居	南大路	番禺	1159	华南	2733
2362041	gz	华南新城江山菁品	浣溪沙路	番禺	1159	华南	2733
2362046	gz	华南新城山语轩	南大路	番禺	1159	华南	2733
22514	gz	华南新城江山帝景	蝶恋花路	番禺	1159	华南	2733
2362044	gz	华南新城山意轩	南大路	番禺	1159	华南	2733
517193	gz	柏丽星寓	莲港大道126号	番禺	1159	亚运城	94270
409620	gz	越秀可逸江畔	南城路	番禺	1159	桥南	2717
2403216	gz	海伦堡海伦春天	神农路23号	番禺	1159	其他	2727
2402085	gz	东凤海伦春天	凤翔路	番禺	1159	其他	2727
503433	gz	中环品悦	南大公路263号	番禺	1159	大石	2729
82442	gz	华南新城山咏轩	南大路	番禺	1159	华南	2733
22552	gz	华南新城	南大路168号	番禺	1159	华南	2733
21397	gz	广州奥林匹克花园	如意路	番禺	1159	洛溪	2728
408297	gz	中颐海伦堡御院	南华路190号	番禺	1159	桥南	2717
2401458	gz	清华坊	圣都路1号	番禺	1159	其他	2727
21455	gz	清华坊	政通路	番禺	1159	华南	2733
22443	gz	吉祥楼	吉祥北道	番禺	1159	洛溪	2728
571879	gz	喜盈嘉立思国际公寓	南城路115号	番禺	1159	桥南	2717
667314	gz	星河湾	迎宾路251号	番禺	1159	大石	2729
2399499	gz	骏景花园	银竹街	番禺	1159	其他	2727
484098	gz	雅居乐君域公馆	侨联大街6号	番禺	1159	市桥	2714
2362125	gz	广州时代云图	双山大道	番禺	1159	黄阁	2722
2361715	gz	番艺花园星艺苑	东环路	番禺	1159	市桥	2714
527963	gz	万丰社区	万丰路	番禺	1159	市桥	2714
21389	gz	番艺花园	桥东环路132号	番禺	1159	市桥	2714
484291	gz	番艺花园一座永发楼	新艺路	番禺	1159	其他	2727
2399068	gz	世代豪苑雅苑	金三大道中99号	番禺	1159	其他	2727
20541	gz	裕福花园	捷进中路	番禺	1159	市桥	2714
2403182	gz	雅苑大厦	大兴路18号	番禺	1159	其他	2727
484127	gz	金沙诚筑	龙岐路	番禺	1159	桥南	2717
407317	gz	香缤豪庭	福贤路303号	番禺	1159	市桥	2714
2378111	gz	顺德碧桂园芷兰湾	三桂大道	番禺	1159	桥南	2717
22395	gz	富昌花园	建华路	番禺	1159	大石	2729
2402020	gz	富昌花园	镇中路	番禺	1159	其他	2727
412559	gz	绿茵岛水岸别墅	迎宾路	番禺	1159	华南	2733
84593	gz	绿茵岛水岸别墅	迎宾路	番禺	1159	洛溪	2728
503435	gz	柏丽甜果公馆	丽骏路22号	番禺	1159	市桥	2714
660055	gz	雅居乐锦官城	福贤路268号	番禺	1159	桥南	2717
81832	gz	禺丰园	西丽中路	番禺	1159	市桥	2714
2399039	gz	金映时代花园	金山大道	番禺	1159	其他	2727
2399060	gz	金时代花园	槎南路	番禺	1159	其他	2727
2402374	gz	森美时代花园	同乐大街一路78号	番禺	1159	其他	2727
23552	gz	龙基花园	龙基南路	番禺	1159	石碁	2732
21385	gz	百丰楼	大涌路	番禺	1159	大石	2729
21511	gz	新龙基花园	置业街18-22号	番禺	1159	石碁	2732
667235	gz	富宾星悦国际	东环路242号之一	番禺	1159	市桥	2714
21552	gz	广州雅居乐花园花巷	兴南大道	番禺	1159	雅居乐	94520
20591	gz	锦绣趣园	骏业路	番禺	1159	钟村	2731
20550	gz	荷景花园	中华大道	番禺	1159	市桥	2714
83742	gz	盛泰花园北区	广场西路	番禺	1159	市桥	2714
409593	gz	保利香逸花园	南城路536号	番禺	1159	桥南	2717
22392	gz	富怡三区	富怡路	番禺	1159	石碁	2732
83529	gz	骏兴楼	捷进西路40号	番禺	1159	市桥	2714
23107	gz	东逸华庭	东盛路7号	番禺	1159	市桥	2714
2402738	gz	半山翠庭	沙水路六巷1号	番禺	1159	其他	2727
2399412	gz	同乐雅苑	同乐中路	番禺	1159	其他	2727
20574	gz	美心花园	清河东路	番禺	1159	市桥	2714
484097	gz	绿庭雅苑	汇景大道60号	番禺	1159	其他	2727
21373	gz	石基绿庭雅苑	金龙路西41号	番禺	1159	石碁	2732
400232	gz	东丽园	德胜路248号	番禺	1159	市桥	2714
23114	gz	东瀚园	广华南路71号	番禺	1159	市桥	2714
81455	gz	广州雅居乐花园灏湖居	观景路	番禺	1159	华南	2733
21525	gz	怡居新村	朝阳西路	番禺	1159	大石	2729
23461	gz	一品灏景	坑口路	番禺	1159	市桥	2714
2362130	gz	汇庭雅苑西区	汇景大道	番禺	1159	桥南	2717
2362128	gz	汇庭雅苑东区	汇景大道	番禺	1159	桥南	2717
763364	gz	广州雅居乐花园雕刻时光	观景路649号	番禺	1159	雅居乐	94520
483994	gz	祈福新邨晓峰园	福怡路	番禺	1159	祈福	2730
2415523	gz	番禺万达广场	兴南大道368号	番禺	1159	华南	2733
21415	gz	电力新村	兴泰路	番禺	1159	市桥	2714
21482	gz	汇庭雅苑	汇景大道	番禺	1159	大石	2729
2361349	gz	翠竹苑别墅	东环路	番禺	1159	石碁	2732
2402342	gz	丽景花园	迎宾路35号	番禺	1159	其他	2727
23122	gz	东晟明珠	东兴路408号	番禺	1159	市桥	2714
21457	gz	上漖海滨花园	沿江路	番禺	1159	大石	2729
22429	gz	大发大厦	朝阳西路	番禺	1159	大石	2729
84758	gz	富丽家园福安园	城西路2号	番禺	1159	大石	2729
20605	gz	富丽家园福宁园	朝阳东路205号	番禺	1159	大石	2729
2361974	gz	富丽家园康逸居	大石105国道351号	番禺	1159	大石	2729
84632	gz	富丽家园	朝阳东路	番禺	1159	大石	2729
22411	gz	富丽家园	朝阳东路	番禺	1159	大石	2729
21550	gz	富丽家园康信楼	大石镇105国道	番禺	1159	大石	2729
23529	gz	鸣翠苑	光明北路581号	番禺	1159	市桥	2714
2373533	gz	南沙奥园(别墅)	珠江东路269号	番禺	1159	横沥	2723
22393	gz	富怡四区	岐山中路163号	番禺	1159	市桥	2714
2402029	gz	聚德花园	人民路39号	番禺	1159	其他	2727
2402133	gz	丽景花园(东凤)(公寓)	东阜路	番禺	1159	其他	2727
23438	gz	东雅园	清河东路	番禺	1159	市桥	2714
22360	gz	广华苑	广华南路29号	番禺	1159	市桥	2714
81728	gz	雅荷居	中华大道552号	番禺	1159	市桥	2714
406466	gz	东沙小区	东沙路	番禺	1159	市桥	2714
2372090	gz	祈福新邨D区(别墅)	富临路	番禺	1159	祈福	2730
22578	gz	侨宫苑	西丽南路	番禺	1159	华南	2733
23084	gz	乳芳园	朝阳东路	番禺	1159	大石	2729
22397	gz	富庭雅园北区	桥边路	番禺	1159	石碁	2732
406481	gz	保利亚奥北苑	黄山路45号	番禺	1159	石楼	2725
2360766	gz	SOLO禺意湾8号	大石镇沿江中路8号	番禺	1159	大石	2729
2402250	gz	东方花园	聚贤路22号	番禺	1159	其他	2727
23434	gz	东方花园	兴泰路	番禺	1159	市桥	2714
21471	gz	洛涛居	北环路	番禺	1159	洛溪	2728
22394	gz	富怡苑	富怡路38号	番禺	1159	石碁	2732
21494	gz	柏丽花园	广场东路33号	番禺	1159	市桥	2714
2414601	gz	富豪山庄映绿华庭	市广路232号	番禺	1159	祈福	2730
627435	gz	北亭大街5巷13号	北亭大街5巷13号	番禺	1159	大学城	94271
2414602	gz	富豪山庄映绿华庭(别墅)	市广路232号	番禺	1159	祈福	2730
484009	gz	南浦海滨花园	南浦岛水厂路	番禺	1159	其他	2727
22455	gz	南浦海滨花园	南浦岛水厂路	番禺	1159	洛溪	2728
2373537	gz	南浦海滨花园(别墅)	南浦岛水厂路	番禺	1159	南浦	7723
484048	gz	荟翠雅苑	豪岗大道14号	番禺	1159	华南	2733
21418	gz	瑞华苑	捷进中路10号	番禺	1159	市桥	2714
2401272	gz	愉翠雅园	西河东路11号	番禺	1159	其他	2727
2379187	gz	保利红馆	汉兴东路11号	番禺	1159	华南	2733
2399711	gz	嘉怡苑	东文路	番禺	1159	其他	2727
2362294	gz	洛溪长大公司社区	北环路	番禺	1159	洛溪	2728
21530	gz	德兴园	德兴南路	番禺	1159	市桥	2714
84782	gz	万兴花园	和乐一路4号	番禺	1159	大石	2729
484083	gz	祈福新邨绿怡居	鸿福路	番禺	1159	祈福	2730
21523	gz	恒生花园	南大路	番禺	1159	大石	2729
2362902	gz	越秀滨海悦城	海滨路	番禺	1159	黄阁	2722
2400006	gz	万科柏悦湾(公寓)	博爱七路	番禺	1159	其他	2727
22464	gz	华进名苑	如意路	番禺	1159	洛溪	2728
2361763	gz	昊龙花园南区	中华大道1108号	番禺	1159	桥南	2717
409423	gz	莲港花园	北环东路	番禺	1159	市桥	2714
21539	gz	开阳阁	德兴路319号	番禺	1159	市桥	2714
2398592	gz	芳草园	坭墩下横街	番禺	1159	其他	2727
667399	gz	祈福新邨E区(别墅)	福临路	番禺	1159	祈福	2730
148397	gz	鑫龙世家	东环路123号	番禺	1159	市桥	2714
503462	gz	南浦西一村	西一村12队28号	番禺	1159	其他	2727
2362423	gz	荔园悦星	万博四路	番禺	1159	华南	2733
21478	gz	江南花苑	繁华路225号	番禺	1159	市桥	2714
20544	gz	莲芳园	朝阳东路	番禺	1159	大石	2729
484101	gz	南浦长大公司社区	沿沙东路	番禺	1159	南浦	7723
407123	gz	长大公司	如意路	番禺	1159	洛溪	2728
20521	gz	金城花园	香江大道	番禺	1159	大石	2729
2362639	gz	信业悦都荟	番禺大道北822号	番禺	1159	市桥	2714
400059	gz	金口岸大厦	繁华路57号	番禺	1159	市桥	2714
2402491	gz	盈翠明珠	中兴大道	番禺	1159	其他	2727
484128	gz	祈福新邨祈福名都	福怡路	番禺	1159	祈福	2730
21514	gz	万科红郡	汉溪大道东	番禺	1159	市桥	2714
2399445	gz	花园新村	建设街	番禺	1159	其他	2727
21496	gz	来福园	捷进中路	番禺	1159	市桥	2714
2402496	gz	七坊治保会二小区	文兴路	番禺	1159	其他	2727
2401631	gz	九洲花园	广成路	番禺	1159	其他	2727
23494	gz	广州雅居乐花园邻居	兴南大道	番禺	1159	雅居乐	94520
517198	gz	星河湾盛荟园	沿江东路	番禺	1159	桥南	2717
411532	gz	敏建锦绣世家	东园大街	番禺	1159	市桥	2714
484259	gz	芳华花园	如意一马路	番禺	1159	洛溪	2728
484117	gz	市桥丹桂园	丹桂园大街	番禺	1159	市桥	2714
22389	gz	富泽居	群贤路	番禺	1159	大石	2729
2399359	gz	亨达花园二期	东裕路	番禺	1159	其他	2727
2399364	gz	亨达花园一期	亨尾大街8号	番禺	1159	其他	2727
2399189	gz	亨达花园	中山四路	番禺	1159	其他	2727
21544	gz	康泰园	西环路448号	番禺	1159	市桥	2714
409587	gz	上轩	捷进中路1-3号	番禺	1159	市桥	2714
2373160	gz	南沙境界(别墅)	凤凰大道	番禺	1159	黄阁	2722
23531	gz	鸿成花园	富华路55号	番禺	1159	市桥	2714
667276	gz	尚上名筑	南环路132号	番禺	1159	石楼	2725
2361572	gz	东湖洲花园B区	傍雁路	番禺	1159	石碁	2732
2414487	gz	保利心语花园	创智路	白云	1157	其他	2758
2400202	gz	金碧新城	政和中路6号	白云	1157	其他	2758
20164	gz	金碧新城	石槎路	白云	1157	西槎路	7722
503317	gz	广州雅居乐花园峰会	兴南大道	白云	1157	其他	2758
20162	gz	金碧雅苑	尖彭路	白云	1157	白云大道南	7710
22933	gz	广州富力城	丽城路1号	白云	1157	机场路	2761
503382	gz	佳润云凯雅寓	同和路189号	白云	1157	同和	2743
2409085	gz	保利花园二期	锦园路	白云	1157	其他	2758
2409092	gz	保利花园三期	锦园路	白云	1157	其他	2758
2408938	gz	保利花园一期	海七路	白云	1157	其他	2758
2408929	gz	保利花园	锦园路	白云	1157	其他	2758
409396	gz	卡布奇诺	广州大道北	白云	1157	同和	2743
2399285	gz	银汇华庭	桂丹西路11号	白云	1157	其他	2758
21613	gz	云裳丽影	富和路2-58号	白云	1157	广州大道北	7712
23429	gz	云东小区	广州大道北	白云	1157	同和	2743
2407979	gz	黄岐富景花园	盐步大道	白云	1157	其他	2758
2403168	gz	金海岸花园	二环路	白云	1157	其他	2758
2398464	gz	平洲富景花园	南港路11号	白云	1157	其他	2758
2399909	gz	容桂盈彩美居	文明西路12号	白云	1157	其他	2758
2403839	gz	绿景路盈彩美居	绿景一路	白云	1157	其他	2758
2403792	gz	季华五路盈彩美居	紫坊一街10号	白云	1157	其他	2758
2405874	gz	乐安富景花园	同乐二路1号	白云	1157	其他	2758
2400580	gz	三水富景花园	黄金大道68号	白云	1157	其他	2758
2398784	gz	南海星汇云锦	南桂东路	白云	1157	其他	2758
22218	gz	怡新花园	怡新路9号	白云	1157	广州大道北	7712
483835	gz	汇侨新城东区	汇侨南路	白云	1157	黄石	2740
82824	gz	汇侨新城南区	汇侨二街	白云	1157	新市	2742
82812	gz	汇侨新城北区	汇侨中路	白云	1157	机场路	2761
20815	gz	金湖雅苑	沙太北路320号	白云	1157	同和	2743
2400013	gz	深业云东海花园	云东海大道	白云	1157	其他	2758
2408970	gz	东海花园	南海大道	白云	1157	其他	2758
23390	gz	丽康居教师新村	冲边北街	白云	1157	同德围	7720
21897	gz	丽康居	同德路	白云	1157	同德围	7720
2408091	gz	瑞安花园	芳盈路	白云	1157	其他	2758
2403529	gz	愉景雅苑	平桂街47号	白云	1157	其他	2758
486320	gz	万科天河御品	京溪路101号	白云	1157	广州大道北	7712
20439	gz	景泰新村	广园中路	白云	1157	广园路	2759
2404285	gz	银星花园	荷香路328号	白云	1157	其他	2758
571860	gz	御金沙	浔峰山东路	白云	1157	金沙洲	7716
2373321	gz	御金沙(别墅)	浔峰山东路	白云	1157	金沙洲	7716
503337	gz	万科峯境	白云大道南339号	白云	1157	白云大道南	7710
2398622	gz	保利百合花园	文海西路	白云	1157	其他	2758
20421	gz	瑶台花园	瑶华中街134号	白云	1157	三元里	2735
20428	gz	榕溪花园	榕茵西路	白云	1157	黄石	2740
82753	gz	广州白天鹅花园东区	中成路	白云	1157	同和	2743
22932	gz	广州白天鹅花园	中成路	白云	1157	京溪	2744
2403600	gz	红棉苑	汾江中路81号	白云	1157	其他	2758
2408082	gz	南华花园	青龙大道	白云	1157	其他	2758
20821	gz	白云尚城	黄石北路137-157号	白云	1157	黄石	2740
2398955	gz	金海花园	南一路	白云	1157	其他	2758
483455	gz	同德花园同雅苑	同雅街80号	白云	1157	其他	2758
22944	gz	同德花园	同雅北街6号	白云	1157	西槎路	7722
80766	gz	时代玫瑰园	黄边北路151号	白云	1157	黄边	7714
21949	gz	岭南雅院	同康路	白云	1157	西槎路	7722
21891	gz	云山诗意人家	黄边北路	白云	1157	白云大道南	7710
2400984	gz	岭南花园	三乐路	白云	1157	其他	2758
21950	gz	岭南花园	同嘉路	白云	1157	罗冲围	2760
2362454	gz	岭南雅院二期-祥云居	西槎路	白云	1157	罗冲围	2760
405920	gz	一品湖山	同和路688号	白云	1157	同和	2743
2372974	gz	一品湖山(别墅)	同和路688号	白云	1157	广州大道北	7712
416130	gz	梅苑小区	梅花园路	白云	1157	同和	2743
2400873	gz	雅怡阁	长兴西路	白云	1157	其他	2758
571786	gz	云景花园云景名都	广州大道北	白云	1157	京溪	2744
2373521	gz	保利西海岸江岸花园（别墅）	彩滨北路	白云	1157	金沙洲	7716
23423	gz	君华又一城	恒骏街	白云	1157	广州大道北	7712
409418	gz	保利西海岸江岸花园	彩滨北路	白云	1157	金沙洲	7716
21608	gz	万方园	远景路	白云	1157	机场路	2761
22313	gz	城西花园	丽日街	白云	1157	金沙洲	7716
23449	gz	泽德花苑	西槎路	白云	1157	同德围	7720
22318	gz	广信春兰花园	京溪路53号	白云	1157	同和	2743
20190	gz	贝丽花园	岗贝路180号	白云	1157	机场路	2761
21931	gz	云涛花园	同胜横街	白云	1157	同和	2743
2404072	gz	财富岭南公馆	莲花路	白云	1157	其他	2758
84276	gz	保利西子湾	环洲二路	白云	1157	金沙洲	7716
22962	gz	黄石花园	黄石东路	白云	1157	黄石	2740
23406	gz	颐和上院	云城东路	白云	1157	白云大道南	7710
2400217	gz	时代南湾	西河路	白云	1157	其他	2758
21924	gz	云苑新村	握山南一路	白云	1157	广园路	2759
2378683	gz	云苑新村(景泰)	云苑直街29号	白云	1157	广园路	2759
22325	gz	同逸苑	西槎路253号	白云	1157	同德围	7720
20456	gz	恒骏花园	京溪路46号	白云	1157	同和	2743
2401578	gz	翠拥华庭	南苑东路	白云	1157	其他	2758
80897	gz	金桂园	解放北路1000号	白云	1157	其他	2758
2414489	gz	金桂园	华远东路33号	白云	1157	其他	2758
20414	gz	白云雅苑	云雅大街5号	白云	1157	西槎路	7722
400025	gz	又一居花园	心谊路	白云	1157	机场路	2761
2400861	gz	新基盈翠华庭	云桂路	白云	1157	其他	2758
82521	gz	盈翠华庭	盈翠街1-18号	白云	1157	白云大道南	7710
483571	gz	纵横缤城花园	汇侨南路	白云	1157	其他	2758
517170	gz	富和花园	富和路27号	白云	1157	同和	2743
83071	gz	恒大绿洲	藤业一路	白云	1157	金沙洲	7716
2398675	gz	翠湖山庄	教育路	白云	1157	其他	2758
405606	gz	中粮万科金域蓝湾	金沙洲路	白云	1157	金沙洲	7716
2398557	gz	金昌大厦	百安北路8号	白云	1157	其他	2758
704972	gz	保利西海岸星海花园	彩滨北路	白云	1157	金沙洲	7716
2361843	gz	荷塘月色清风居	黄石东路	白云	1157	黄石	2740
2361844	gz	荷塘月色润风居	黄石东路	白云	1157	黄石	2740
2361845	gz	荷塘月色星辉居	黄石东路	白云	1157	黄石	2740
2361850	gz	荷塘月色星怡居	黄石东路	白云	1157	黄石	2740
2361848	gz	荷塘月色星瑞居	黄石东路	白云	1157	黄石	2740
2361846	gz	荷塘月色星朗居	黄石东路	白云	1157	黄石	2740
2361852	gz	荷塘月色星悦居	黄石东路	白云	1157	黄石	2740
2361841	gz	荷塘月色惠风居	黄石东路	白云	1157	黄石	2740
20181	gz	荷塘月色	悦云路369号	白云	1157	黄石	2740
2361842	gz	荷塘月色临风居	黄石东路	白云	1157	黄石	2740
2404231	gz	城建集团彩虹花园	中山路	白云	1157	其他	2758
2404887	gz	锦绣誉峰	商业大道50号	白云	1157	其他	2758
2408174	gz	裕景花园	盐步大道19号	白云	1157	其他	2758
2404422	gz	时代糖果二期	里广路115号	白云	1157	其他	2758
2404421	gz	时代糖果	里广路	白云	1157	其他	2758
20175	gz	翠逸家园	景丽街1-13号	白云	1157	机场路	2761
2373612	gz	云景花园云桂苑	广州大道北	白云	1157	京溪	2744
80723	gz	积德花苑	西槎路	白云	1157	同德围	7720
23385	gz	同德上步花园	进步二街	白云	1157	西槎路	7722
412252	gz	上步花园	西槎路	白云	1157	同德围	7720
2402980	gz	华侨城天鹅湖(别墅)	南国东路32号	白云	1157	其他	2758
2401284	gz	华侨城天鹅湖	南国东路32号	白云	1157	其他	2758
23424	gz	合一国际	广州大道北1968号	白云	1157	广州大道北	7712
21925	gz	侨德花园	西槎路	白云	1157	罗冲围	2760
2403885	gz	力迅上筑	文华中路17号	白云	1157	其他	2758
2373611	gz	云景花园云桦苑	广州大道北	白云	1157	京溪	2744
2403786	gz	华贵苑	华远东路	白云	1157	其他	2758
20793	gz	菜园东小区	东华东街	白云	1157	嘉禾	94439
20406	gz	荔湾新苑	西槎路872号	白云	1157	西槎路	7722
20400	gz	美景苑	白云机场路	白云	1157	机场路	2761
483460	gz	粤信广场	石榴岗路2号	白云	1157	其他	2758
82894	gz	海德花园	机场路1291号	白云	1157	新市	2742
21894	gz	云天翠庭	高田街	白云	1157	机场路	2761
22350	gz	富力半岛花园	增槎路43号	白云	1157	罗冲围	2760
408546	gz	京溪小区	京溪路	白云	1157	同和	2743
20462	gz	雍翠园	黄园路255号	白云	1157	黄石	2740
2404416	gz	金名都	里广路6-8号	白云	1157	其他	2758
503369	gz	岭南新世界映悦园	百顺南路	白云	1157	白云大道北	7709
22934	gz	岭南新世界	新顺路	白云	1157	白云大道北	7709
667250	gz	正升雅境	三元里大道963号	白云	1157	三元里	2735
83411	gz	富力阳光美居	黄石西路	白云	1157	黄石	2740
519282	gz	中人小区	中元路	白云	1157	沙太北	7719
20408	gz	竹韵山庄	同泰路	白云	1157	南湖	7718
22305	gz	南湖半岛花园	同和路998号	白云	1157	同和	2743
2403051	gz	碧桂园豪庭二期	龙洲公路	白云	1157	其他	2758
2402875	gz	碧桂园豪庭一期	龙洲公路	白云	1157	其他	2758
20189	gz	云山锦绣家园	白云大道南481-483号	白云	1157	白云大道南	7710
22905	gz	白云明珠广场	华明街71号	白云	1157	机场路	2761
80804	gz	机安小区	三元里大道950号	白云	1157	广花	7711
483620	gz	侨爱苑	三元里大道	白云	1157	其他	2758
483507	gz	白云高尔夫花园西区	黄石东路118号	白云	1157	其他	2758
483563	gz	白云高尔夫花园	天云街35号	白云	1157	黄石	2740
21898	gz	倚绿山庄	倚绿北街	白云	1157	同和	2743
2403065	gz	朗晴居	25国道	白云	1157	其他	2758
22335	gz	新兴白云花园	白云大道北	白云	1157	白云大道北	7709
20465	gz	丽庭居	广州大道北2150号	白云	1157	广州大道北	7712
2398491	gz	中海锦苑	平西大道	白云	1157	其他	2758
22297	gz	中海金沙馨园	环洲三路	白云	1157	金沙洲	7716
22309	gz	元邦航空家园	黄石西路	白云	1157	机场路	2761
21893	gz	云东花园	白云大道南	白云	1157	黄石	2740
2362366	gz	乐得花园乐盛阁	黄边南路	白云	1157	黄石	2740
2362364	gz	乐得花园乐嘉阁	黄边南路	白云	1157	黄石	2740
2362365	gz	乐得花园乐明阁	黄边南路	白云	1157	黄石	2740
667273	gz	中央庭院	景鸿街51-65号	白云	1157	黄石	2740
20423	gz	田心花园	西槎路	白云	1157	西槎路	7722
406434	gz	祥景花园	江景路80-82号	白云	1157	黄石	2740
21892	gz	合生云山熹景	怡新路650-820号	白云	1157	广州大道北	7712
2362368	gz	乐得花园乐兴阁	黄边南路	白云	1157	黄石	2740
571854	gz	万科idea爱地住区	浔峰山东路	白云	1157	金沙洲	7716
21896	gz	乐得花园	黄边南路	白云	1157	新市	2742
714587	gz	白云畔山花园	梅岗路	白云	1157	梅花园	7717
483752	gz	望岗公寓	金钟路28号	白云	1157	其他	2758
21899	gz	倚山翠庭	同园中路	白云	1157	同和	2743
2373531	gz	家和东湖映月(别墅)	龙河西路	白云	1157	龙归	2757
406024	gz	家和东湖映月	龙河西路	白云	1157	三元里	2735
2403569	gz	东方广场水晶城	庆宁路	白云	1157	其他	2758
2403542	gz	东方广场钻石城	锦华路86号	白云	1157	其他	2758
2403541	gz	东方广场银州城	锦华路81号	白云	1157	其他	2758
20458	gz	擎山苑	梅岗路125-147号	白云	1157	广州大道北	7712
2404428	gz	白天鹅花园御江	沿江路	白云	1157	其他	2758
2404414	gz	白天鹅花园	沿江路	白云	1157	其他	2758
2404125	gz	瑜翠园	高明大道中88号	白云	1157	其他	2758
84260	gz	金湖华庭	广州大道中	白云	1157	京溪	2744
2404590	gz	华苑大厦(南海)	夏塘路113号	白云	1157	其他	2758
662986	gz	美馨小区	彭上德兴路	白云	1157	嘉禾望岗	7715
2403545	gz	华苑大厦(禅城)	汾江中路21号	白云	1157	其他	2758
2398865	gz	恒龙苑	顺德大道	白云	1157	其他	2758
82070	gz	山水庭苑	同和路828号	白云	1157	同和	2743
2362605	gz	三元里大道小区	三元里大道	白云	1157	机场路	2761
405575	gz	花都紫薇花园	凤凰北路30号	白云	1157	新市	2742
21901	gz	紫薇花园	汇侨中路	白云	1157	机场路	2761
2404026	gz	美誉紫薇花园	工农路21号	白云	1157	其他	2758
483546	gz	紫薇花园南区	汇侨中路	白云	1157	其他	2758
483412	gz	华业里小区	西增路	白云	1157	其他	2758
519277	gz	岗贝花园	方井新街18之1-2号	白云	1157	机场路	2761
21583	gz	百顺台花园	三元里大道1499号	白云	1157	三元里	2735
2399263	gz	天晟海琴湾	明沙中路	白云	1157	其他	2758
2399371	gz	天晟海琴湾(别墅)	明沙中路	白云	1157	其他	2758
22324	gz	康雅花园	机场路89-112号	白云	1157	机场路	2761
2402022	gz	海琴湾	新桂中路	白云	1157	其他	2758
408196	gz	人和花园	广花路	白云	1157	人和	2755
83200	gz	京溪尚苑	京溪路220号	白云	1157	同和	2743
409717	gz	保利春天里	悦峰一街	白云	1157	金沙洲	7716
2404261	gz	乐怡居	文华路626号	白云	1157	其他	2758
483697	gz	新市紫荆花园	新市新街	白云	1157	新市	2742
2405765	gz	金湖花园	金湖一街	白云	1157	其他	2758
416049	gz	金湖花园	沙太北路938号	白云	1157	同和	2743
2404427	gz	中海金沙熙岸	建设大道	白云	1157	其他	2758
2404437	gz	中海金沙湾	建设大道1号	白云	1157	其他	2758
400564	gz	花季小区	飞鹅西路	白云	1157	桂花岗	7713
22917	gz	梅宾公安宿舍	梅宾路161号	白云	1157	同和	2743
408065	gz	民航小区	机场路	白云	1157	机场路	2761
2404432	gz	恒大御景半岛	基围大街	白云	1157	其他	2758
503366	gz	东门民航小区	向云新街	白云	1157	其他	2758
2404439	gz	恒大御景半岛(别墅)	基围大街	白云	1157	其他	2758
2405289	gz	吉祥楼	二环路	白云	1157	其他	2758
82729	gz	富力桃园	增槎路	白云	1157	罗冲围	2760
22315	gz	嘉柏居	水闸东街	白云	1157	罗冲围	2760
2399700	gz	骏景花园	容奇大道东39-10号	白云	1157	其他	2758
2373613	gz	云景花园云景苑	广州大道北	白云	1157	京溪	2744
22943	gz	圣地摩坊公馆	京溪梅岗路5号	白云	1157	广州大道北	7712
20177	gz	腾龙阁	机场路145号	白云	1157	机场路	2761
83523	gz	白天鹅公安宿舍	麒麟东街73号	白云	1157	同和	2743
2404274	gz	百合苑二座	泰和路	白云	1157	其他	2758
2404101	gz	百合苑	虹升路	白云	1157	其他	2758
23395	gz	新市花园	广花五路23号	白云	1157	新市	2742
23394	gz	新市花园二区	棠安路185号	白云	1157	新市	2742
21920	gz	华园新村	华园路	白云	1157	广花	7711
571823	gz	梅花园铝材宿舍	梅花园路	白云	1157	梅花园	7717
2362313	gz	梅花园科贸楼	广州大道北	白云	1157	京溪	2744
485643	gz	梅花园	梅山岗路	白云	1157	广州大道北	7712
2404306	gz	梅花园	梅花街40号	白云	1157	其他	2758
22915	gz	梅花园干休所	梅宾路	白云	1157	京溪	2744
21607	gz	隆康花园	金信路	白云	1157	白云大道南	7710
2403721	gz	鸿业大厦(禅城)	同华东五街12号	白云	1157	其他	2758
23381	gz	华秀苑	北站路35-41号	白云	1157	三元里	2735
82731	gz	时代花园	水边街75-235号	白云	1157	机场路	2761
21914	gz	云顶花园	乐嘉路56号	白云	1157	机场路	2761
2407284	gz	大浩湖渡假村雍怡雅居	神州大道	白云	1157	其他	2758
2404233	gz	海景花园(高明)	文华路543号	白云	1157	其他	2758
2400268	gz	海景花园(顺德)	银城路	白云	1157	其他	2758
2408985	gz	海景花园(南海)	海六路21号	白云	1157	其他	2758
81056	gz	雅骏花园	田心西路17号	白云	1157	同德围	7720
113714	gz	合益小区	合益路	白云	1157	棠景	2741
2402096	gz	乐雅苑	大良东乐路	白云	1157	其他	2758
2398875	gz	恒业大厦	容奇大道中26号	白云	1157	其他	2758
22320	gz	广信白兰花园	金钟横路220号	白云	1157	白云大道北	7709
20450	gz	星汇晴轩	心宜路	白云	1157	机场路	2761
2400714	gz	顺明轩	白陈路	白云	1157	其他	2758
2399067	gz	骏明轩	星湖街9号	白云	1157	其他	2758
23413	gz	颐和高尔夫庄园	华南快速路	白云	1157	同和	2743
20898	gz	翰雅明轩	中山四路34号	白云	1157	嘉禾	94439
2405245	gz	月明轩	塘新中路28号	白云	1157	其他	2758
2402176	gz	星月明轩	新桂中路	白云	1157	其他	2758
406096	gz	云山雅苑	金钟横路148-206号	白云	1157	白云大道南	7710
20434	gz	江南世家	广州大道北	白云	1157	南湖	7718
2402467	gz	保利东景花园	天虹路	白云	1157	其他	2758
82733	gz	白云骏景	齐富路5号	白云	1157	新市	2742
2407578	gz	盐步银丰花园	广佛公路横江段28号	白云	1157	其他	2758
20415	gz	白云骏景	齐富路5号	白云	1157	机场路	2761
2402689	gz	威斯广场翠竹苑	环镇西路	白云	1157	其他	2758
21600	gz	白云堡豪苑尚云名邸	白云堡大道1号	白云	1157	黄石	2740
2401054	gz	丽景花园(顺德)	云景路2号	白云	1157	其他	2758
2398705	gz	东丽花园	桂洲大道中	白云	1157	其他	2758
2400158	gz	东丽花园(别墅)	桂洲大道中	白云	1157	其他	2758
2403695	gz	丽景花园(禅城)	魁奇路8号	白云	1157	其他	2758
2409140	gz	丽景花园(南海)	海四路12号	白云	1157	其他	2758
21957	gz	怡富小区	石丰路	白云	1157	石井	2747
2404333	gz	广华苑	千彩街50号	白云	1157	其他	2758
23731	gz	九曜坊东区	教育路	白云	1157	嘉禾	94439
20165	gz	金德苑小区	明德街	白云	1157	石井	2747
400277	gz	云宵楼	齐富路	白云	1157	新市	2742
21912	gz	云逸苑	齐富路	白云	1157	黄石	2740
20180	gz	荔雅苑	西槎路	白云	1157	同德围	7720
400676	gz	松柏新村	松柏路	白云	1157	广园路	2759
20455	gz	恒德苑	西湾路555号	白云	1157	同德围	7720
2400743	gz	新君汇花地湾	佛陈路	白云	1157	其他	2758
483665	gz	三元里八社住宅小区	广园中路196号	白云	1157	黄石	2740
82901	gz	新市广场	机场路1113号	白云	1157	新市	2742
22333	gz	广信晖景大厦	广州大道中111-113号	白云	1157	嘉禾	94439
483682	gz	深业江悦湾	彩滨北路	白云	1157	金沙洲	7716
2404435	gz	山海名门	里广路	白云	1157	其他	2758
21592	gz	梅园大厦	梅园路	白云	1157	广州大道北	7712
2404788	gz	时代依云小镇	阳光路5号	白云	1157	其他	2758
21905	gz	依云小镇	集贤路	白云	1157	白云大道北	7709
2404953	gz	时代依云小镇(别墅)	阳光路5号	白云	1157	其他	2758
23426	gz	云山居	丛云路	白云	1157	白云大道北	7709
80727	gz	南湖半山豪廷	同和路1168号	白云	1157	南湖	7718
2372454	gz	南湖半山豪廷(别墅)	同和路	白云	1157	广州大道北	7712
712266	gz	保利西海岸瀚海花园	彩滨北路	白云	1157	金沙洲	7716
2414491	gz	新东方花园	建华路1号	白云	1157	其他	2758
2405123	gz	洛涛居	塘新一路	白云	1157	其他	2758
20443	gz	春庭花园	春庭街2号	白云	1157	白云大道北	7709
2403521	gz	柏丽花园	南桂西路34号	白云	1157	其他	2758
21943	gz	山畔雍庭国际公寓	广园中路388号	白云	1157	广园路	2759
21955	gz	御鹿华轩	广园中路340号	白云	1157	广园路	2759
2373610	gz	云景花园云枫苑	广州大道北	白云	1157	京溪	2744
2401513	gz	保健路小区	保健路四街	白云	1157	其他	2758
2399007	gz	嘉怡苑	桂花路	白云	1157	其他	2758
2399141	gz	丽雅豪苑	乐华西路	白云	1157	其他	2758
2403948	gz	保利香槟花园	轻工路	白云	1157	其他	2758
22347	gz	利海托斯卡纳	广从一路	白云	1157	白云大道北	7709
84082	gz	九龙花园	106国道	白云	1157	黄石	2740
2403980	gz	保利香槟花园B区	轻工路	白云	1157	其他	2758
83348	gz	松北小区	松北李祠前街	白云	1157	罗冲围	2760
81915	gz	飞鹅新村	飞鹅路	白云	1157	桂花岗	7713
2401991	gz	东骏花园	南国东路	白云	1157	其他	2758
20442	gz	景泰名苑	松柏东街19-27号	白云	1157	广园路	2759
23422	gz	嘉利苑	乐嘉路	白云	1157	机场路	2761
2360888	gz	百事佳新村B区	兴云路	白云	1157	广园路	2759
2360886	gz	百事佳新村A区	松柏东街112-134号	白云	1157	广园路	2759
20413	gz	百事佳新村	松柏东街91号	白云	1157	白云大道南	7710
2404440	gz	恒大御景湾	基围大街	白云	1157	其他	2758
20461	gz	集贤苑	荟贤路	白云	1157	白云大道南	7710
82958	gz	矿泉北街大院	三元里大道北	白云	1157	三元里	2735
521095	gz	都市品格	鹤龙一路521-553号	白云	1157	黄边	7714
82239	gz	景富明珠	金钟横路	白云	1157	白云大道南	7710
483385	gz	白云莱茵水岸花园	黄石东路	白云	1157	其他	2758
22349	gz	富力碧涛湾	松南路5号	白云	1157	罗冲围	2760
503394	gz	富林居	西槎路西侧275号	白云	1157	其他	2758
20171	gz	粤溪苑	粤溪北路	白云	1157	西槎路	7722
21895	gz	乐嘉花园	东大街	白云	1157	机场路	2761
519286	gz	元邦明月金岸	安宁路	白云	1157	石井	2747
21951	gz	康盈阁	康意街1号	白云	1157	机场路	2761
20433	gz	汇美苑	乐嘉路	白云	1157	机场路	2761
2404298	gz	互恒尚苑	万成路140号	白云	1157	其他	2758
20184	gz	诚德大厦	同嘉路49-59号	白云	1157	同德围	7720
23453	gz	松园山庄	同泰路	白云	1157	同和	2743
22362	gz	228国际公寓	三元里大道1228号	白云	1157	三元里	2735
2402774	gz	保利中环广场	观绿路	白云	1157	其他	2758
2407884	gz	中环广场	宏威路	白云	1157	其他	2758
2400684	gz	翠竹苑	财源路	白云	1157	其他	2758
21922	gz	圣雅堡公寓	增槎路153号	白云	1157	罗冲围	2760
2362914	gz	同和小区	广州大道北	白云	1157	同和	2743
407688	gz	德胜大厦	京溪东街1号	白云	1157	同和	2743
414290	gz	秀山一品	祥元路	白云	1157	三元里	2735
2398506	gz	碧海湾	怡海路	白云	1157	其他	2758
2399486	gz	憔山明珠花园	庆和街	白云	1157	其他	2758
2403031	gz	御华明珠花园	三联路7号	白云	1157	其他	2758
409177	gz	京溪大院	京溪路	白云	1157	同和	2743
2401916	gz	明珠花园	置业路	白云	1157	其他	2758
407526	gz	萧岗商住楼	机场路1340号	白云	1157	机场路	2761
23400	gz	白云山制药厂前山宿舍	同泰路	白云	1157	广州大道北	7712
483421	gz	凯云新世界	岭云路18号	白云	1157	白云大道北	7709
81071	gz	广东省公安厅黄石小区	黄石东路299号	白云	1157	黄石	2740
22306	gz	南湖山庄	同和路1080号	白云	1157	同和	2743
82971	gz	白云商业中心	机场路135-137号	白云	1157	机场路	2761
80947	gz	金钟横路锦翠苑	金钟横路32号	白云	1157	广园路	2759
23475	gz	嘉景园	谢家南社路	白云	1157	机场路	2761
400696	gz	黄石小区	黄石路190号	白云	1157	其他	2758
82636	gz	鹅掌坦小区	西槎路	白云	1157	西槎路	7722
20176	gz	聚景雅居	远景路56-60号	白云	1157	机场路	2761
2401369	gz	顺德碧桂园正苑(别墅)	三桂大道	白云	1157	其他	2758
22348	gz	成丰大厦	机场路1784-1814号	白云	1157	黄石	2740
20816	gz	逸景居	白云大道南465号	白云	1157	黄石	2740
20407	gz	祥华阁	黄石东路177号	白云	1157	黄石	2740
483596	gz	紫薇苑	德康路	白云	1157	同德围	7720
2377251	gz	百信领寓	棠乐路	白云	1157	新市	2742
81751	gz	紫薇苑	德康路	白云	1157	西槎路	7722
407064	gz	尚境雅筑	松南北街2-18号	白云	1157	罗冲围	2760
409937	gz	金满家园	沙贝大街	白云	1157	金沙洲	7716
483585	gz	华乐路小区	华乐路	白云	1157	京溪	2744
83589	gz	穗云苑	乐嘉路39号	白云	1157	机场路	2761
483483	gz	富多来花园	上步二街7号	白云	1157	同德围	7720
22319	gz	广信金兰花园	金信路1号	白云	1157	白云大道南	7710
2399423	gz	碧云轩	海边大道	白云	1157	其他	2758
483736	gz	保利西海岸汇海花园	彩滨北路	白云	1157	其他	2758
2407388	gz	华侨花园	鄱阳路	白云	1157	其他	2758
483408	gz	龙归城	广从公路	白云	1157	其他	2758
2404154	gz	东湖洲花园	怡乐路	白云	1157	其他	2758
81293	gz	建鑫苑	春晖二街	经济开发区	1165
81307	gz	碧桂园凤凰城凤曦苑	凤凰城大道	经济开发区	1165
22031	gz	云珠花园	桂花路	花都	1160	新区	7735
407087	gz	鼎信四季花园	建设北路211号	花都	1160	新区	7735
627457	gz	雅居乐锦城花间集	永发路	花都	1160	新区	7735
2362697	gz	雅居乐锦城花锦集	永发路	花都	1160	炭步	2767
627460	gz	雅居乐锦城花语集	永发路	花都	1160	新区	7735
2362699	gz	雅居乐锦城花漾集	永发路	花都	1160	炭步	2767
2362695	gz	雅居乐锦城花冠集	永发路	花都	1160	炭步	2767
571735	gz	雅居乐锦城	永发路	花都	1160	新华	2763
571884	gz	天马河壹号	风神大道5号	花都	1160	新华	2763
20966	gz	南航花园	迎宾大道103号	花都	1160	新区	7735
409346	gz	祈福生活无限	凤凰南路	花都	1160	新区	7735
81194	gz	祈福辉煌台	云山大道2-2号	花都	1160	新华	2763
571893	gz	天马河公馆	望亭路	花都	1160	新区	7735
2361956	gz	富力金港城南区	金谷北路	花都	1160	花东	2765
2361955	gz	富力金港城北区	金谷北路	花都	1160	花东	2765
22195	gz	富力金港城东区	金谷北路	花都	1160	新区	7735
20187	gz	锦东花园	紫薇路	花都	1160	新区	7735
21821	gz	雅宝新城	花都大道中131号	花都	1160	新区	7735
2415521	gz	雅宝新城(别墅)	花都大道中131号	花都	1160	炭步	2767
21627	gz	骏威广场	公益路1号	花都	1160	新区	7735
409389	gz	锦尚蓬莱	凤凰北路8号	花都	1160	新区	7735
482939	gz	碧秀花园	碧秀路7号	花都	1160	新区	7735
406029	gz	学府花园	学府路2号	花都	1160	新区	7735
20919	gz	银星花园	凤凰南路	花都	1160	新区	7735
80699	gz	永愉花园	凤凰北路41号	花都	1160	新华	2763
21810	gz	万虹花园	南航大道北32-45号	花都	1160	狮岭	7737
80923	gz	雅居乐雍华廷	凤凰北路32号	花都	1160	新区	7735
22208	gz	时代美居	宝华路30号	花都	1160	新区	7735
400619	gz	广州铁道车辆厂生活区	云山大道23号	花都	1160	新区	7735
503270	gz	保利高尔夫郡	岭东路	花都	1160	新区	7735
20478	gz	金碧御水山庄	山前旅游大道	花都	1160	狮岭	7737
20277	gz	锦尚名苑	凤凰路	花都	1160	新区	7735
22131	gz	合和新城	迎宾大道3号	花都	1160	新区	7735
2373524	gz	合和新城(别墅)	迎宾大道3号	花都	1160	新区	7735
21962	gz	云峰花园	镜湖大道2号	花都	1160	新区	7735
2373535	gz	金碧御水山庄(别墅)	山前旅游大道	花都	1160	狮岭	7737
22219	gz	大运家园	迎宾大道105号	花都	1160	新区	7735
21833	gz	云港花园	龙珠路33号	花都	1160	新区	7735
2383522	gz	保利城花园(别墅)	花港大道	花都	1160	炭步	2767
148698	gz	保利城	花港大道	花都	1160	新华	2763
82125	gz	岭南公馆	凤凰北路25号	花都	1160	新华	2763
21874	gz	凯旋国际公寓	三东大道106号	花都	1160	新区	7735
22764	gz	永大新城	松园路1号	花都	1160	新区	7735
81275	gz	育贤居	龙珠路29号	花都	1160	新华	2763
522042	gz	尚品雅居	学府路6号	花都	1160	新华	2763
483111	gz	紫薇豪苑	兰花路13号	花都	1160	新华	2763
80767	gz	新源雅居	凤凰北路	花都	1160	新华	2763
408178	gz	百合雅居	金狮大道西7号	花都	1160	新区	7735
22765	gz	新都城市花园	桂花路57号	花都	1160	新区	7735
21654	gz	馨庭花园	迎宾大道68号	花都	1160	新区	7735
503217	gz	狮城国际公寓	宝峰南路19号	花都	1160	其他	2773
82002	gz	华贵苑	天贵路48号	花都	1160	新华	2763
83938	gz	狮城国际	狮岭大道东8号	花都	1160	狮岭	7737
571919	gz	路劲隽悦豪庭	兰花路	花都	1160	新华	2763
571767	gz	御华园	狮岭大道东1号	花都	1160	狮岭	7737
571764	gz	御华园	狮岭大道东1号	花都	1160	狮岭	7737
522041	gz	祈福万景峰	新街大道中	花都	1160	新华	2763
2362475	gz	祈福天龙苑	望亭路	花都	1160	新区	7735
20668	gz	豪利花园	镜湖大道18号	花都	1160	狮岭	7737
22991	gz	嘉逸华庭	新街大道67号	花都	1160	新区	7735
406199	gz	城央御景尚品	农新路9号	花都	1160	新区	7735
409392	gz	都会雅苑	玫瑰路8号	花都	1160	新区	7735
2373534	gz	南航碧花园(别墅)	山前旅游大道	花都	1160	狮岭	7737
22147	gz	南航碧花园	山前旅游大道	花都	1160	狮岭	7737
20337	gz	钻石豪庭	紫薇路16号	花都	1160	新区	7735
84258	gz	泊岸君庭	天贵路	花都	1160	新华	2763
709618	gz	翠华花园	金华路10号	花都	1160	新华	2763
503291	gz	名都鸿雅轩	商业大道100号之二	花都	1160	其他	2773
22002	gz	中房观湖国际	滨湖路12号	花都	1160	新区	7735
503230	gz	嘉汇城	广花路	花都	1160	新区	7735
2362863	gz	天马河壹号三期御景湾	荔红南路	花都	1160	炭步	2767
407463	gz	紫薇丽都	兰花路	花都	1160	新区	7735
503278	gz	深航花园	迎宾大道	花都	1160	新华	2763
667384	gz	保利花城	三东大道西	花都	1160	新华	2763
527985	gz	马鞍山公寓	大松园一巷	花都	1160	新区	7735
406070	gz	恒辉小区	天贵路	花都	1160	新区	7735
21618	gz	骏豪雅苑	龙珠路	花都	1160	新区	7735
407302	gz	轩逸荟	狮岭大道东	花都	1160	新区	7735
2362715	gz	雅苑大厦(花都)	雅源中路	花都	1160	新区	7735
23133	gz	全鸿花园	茶园路2号	花都	1160	新区	7735
483039	gz	三东新村	三东大道	花都	1160	其他	2773
23139	gz	溢盈湖畔(别墅)	狮岭大道东63号	花都	1160	狮岭	7737
83532	gz	东八街小区	东八街4-12号	花都	1160	新华	2763
503232	gz	豪利碧湖翠景花园	美湖路3号	花都	1160	其他	2773
22564	gz	新都园	建设北路119号	花都	1160	狮岭	7737
411551	gz	自由人花园	广花路	花都	1160	新区	7735
627441	gz	蒙地卡罗山庄	狮岭大道东路	花都	1160	狮岭	7737
400498	gz	银菊花小区	龙珠路10号	花都	1160	新区	7735
667219	gz	嘉粤宝铼雅居	迎宾大道163号	花都	1160	新华	2763
406181	gz	骏辉雅苑	建设北路219号	花都	1160	新区	7735
22756	gz	美林轩逸时光	镜湖大道北16号	花都	1160	新区	7735
407430	gz	合景马鞍山一号	凤凰北路23号	花都	1160	新区	7735
774563	gz	保利悦廷	九潭路	花都	1160	新华	2763
400634	gz	金联大楼	商业大道86号	花都	1160	新区	7735
20390	gz	钻石豪园	紫薇路26号	花都	1160	新区	7735
22748	gz	星缘美居	龙珠路32号	花都	1160	狮岭	7737
81465	gz	美华新村	天贵路	花都	1160	新华	2763
80771	gz	金河湾花园	商业大道	花都	1160	新华	2763
20679	gz	航都花园	天贵路66号	花都	1160	新区	7735
21841	gz	锦鹏苑	花城北路118号	花都	1160	新区	7735
20847	gz	银燕大厦天鸿阁	燕岭路25-27号	花都	1160	新区	7735
80774	gz	银燕大厦(花都)	公益路7号	花都	1160	新区	7735
81002	gz	松园小区	松园大道3号之三	花都	1160	新华	2763
22697	gz	灵溪美居	兰花路35号	花都	1160	新区	7735
407719	gz	嘉粤骊雅居	凤凰北路1号	花都	1160	新区	7735
21776	gz	雅豪苑	兰花路28号	花都	1160	新区	7735
503271	gz	京仕商业广场	迎宾大道179号	花都	1160	其他	2773
80700	gz	东骏花园	新都大道63号	花都	1160	新区	7735
20382	gz	金豪雅苑	建设北路	花都	1160	新区	7735
111275	gz	二所小区	松园大道	花都	1160	新区	7735
22716	gz	金狮华庭	金狮大道	花都	1160	狮岭	7737
406215	gz	阳光雅居	迎宾大道2号	花都	1160	新区	7735
627461	gz	万科天景花园	荔江南路20号	花都	1160	新华	2763
406451	gz	田美小区	曙光路11号	花都	1160	新区	7735
2363350	gz	卓雅名苑	建设北路229号	花都	1160	新区	7735
400499	gz	西雅苑(花都)	龙珠西路19-14号	花都	1160	新区	7735
400582	gz	翡翠小区	体育路1号	花都	1160	新区	7735
82856	gz	南华苑	宝华路	花都	1160	新华	2763
408194	gz	朗庭雅居	曙光路39号	花都	1160	新区	7735
483076	gz	友田翡翠华庭	团结路	花都	1160	狮岭	7737
22115	gz	嘉豪雅苑	迎宾大道	花都	1160	新区	7735
20951	gz	日昌豪苑	曙光路	花都	1160	新区	7735
2362326	gz	美力百富雅苑二期	田美路	花都	1160	新区	7735
23046	gz	一品树院	芙滨路	花都	1160	狮岭	7737
407527	gz	美力百富雅苑	云山大道	花都	1160	新区	7735
2362862	gz	元华花园新村	金华路	花都	1160	新区	7735
482940	gz	碧桂园空港国际	花安中路1号	花都	1160	新区	7735
82484	gz	祈乐苑(花都)	天贵路73号	花都	1160	新华	2763
483074	gz	金菊花小区	龙珠路1号	花都	1160	新区	7735
20570	gz	逸贤苑	迎宾大道7号	花都	1160	新区	7735
20962	gz	新拓花园	云山大道	花都	1160	新区	7735
571929	gz	碧云轩	狮岭大道东16号	花都	1160	狮岭	7737
482871	gz	豪骏名苑	新街大道72号	花都	1160	新华	2763
23051	gz	华侨花园	公益路2号	花都	1160	新区	7735
23961	gz	杏林花园	龙珠路	花都	1160	新区	7735
22759	gz	四季花园	花地大道中246号	荔湾	1154	花地湾	7743
20857	gz	芳村花园	东教南路	荔湾	1154	芳村	2792
20498	gz	新世界逸彩庭园	西芳兴路58号	荔湾	1154	芳村	2792
482113	gz	桥东小区医院房改	芳信路	荔湾	1154	其他	2787
21752	gz	桥东小区	芳村大道西	荔湾	1154	芳村	2792
84389	gz	岭南湾畔	湾畔大街	荔湾	1154	西关	2790
21244	gz	富力环市西苑	环市西路33号	荔湾	1154	环市西	7744
83936	gz	花地河湾	花地大道南188号	荔湾	1154	坑口	7749
482061	gz	元邦明月水岸	花地大道南158号	荔湾	1154	芳村	2792
20197	gz	金道花苑	金光大街	荔湾	1154	芳村	2792
20876	gz	花地城广场	花地大道北93-103号	荔湾	1154	芳村	2792
20855	gz	芳雅苑	文园路37号	荔湾	1154	窖口	7747
82517	gz	怡康苑	花地大道中	荔湾	1154	芳村	2792
82865	gz	荔江美筑	芳村大道西	荔湾	1154	芳村	2792
23220	gz	万和苑	兴东路17号	荔湾	1154	芳村	2792
22444	gz	富力广场A区	龙津西路313号	荔湾	1154	中山八路	7755
23249	gz	鸿图苑	浣花西路82号	荔湾	1154	芳村	2792
408168	gz	茶滘路公安小区	茶滘路10-30号	荔湾	1154	其他	2787
82504	gz	花地湾红棉苑北区	悦成路	荔湾	1154	芳村	2792
20873	gz	花地湾红棉苑	花地大道北192号	荔湾	1154	芳村	2792
82489	gz	西门口广场	中山七路56号	荔湾	1154	西关	2790
409450	gz	中国铁建荔湾国际城	龙溪中路	荔湾	1154	龙溪	7750
22177	gz	康乃磬苑	浣花东街	荔湾	1154	芳村	2792
22269	gz	小康人家	浣南东街42号	荔湾	1154	芳村	2792
527777	gz	陆居路西小区	陆居路	荔湾	1154	芳村	2792
82854	gz	坑口新村小区	花地大道中	荔湾	1154	芳村	2792
82986	gz	盛大蓝庭	浣花南街8号	荔湾	1154	其他	2787
400129	gz	郭村小区	芳信路	荔湾	1154	芳村	2792
23222	gz	万兴苑	芳村大道西681-693号	荔湾	1154	芳村	2792
519259	gz	汾水花园	茶滘路105号	荔湾	1154	芳村	2792
519265	gz	新世界凯粤湾	芳村大道西	荔湾	1154	芳村	2792
482184	gz	邦华星际广场	龙溪中路96号	荔湾	1154	龙溪	7750
22711	gz	大鹏花园	芳村大道西190号	荔湾	1154	芳村	2792
23209	gz	东浚荔景苑	中山八路12号	荔湾	1154	荔湾路	2789
82885	gz	金鹤苑	柳桥北路	荔湾	1154	芳村	2792
23188	gz	五芳苑	五芳街1,5,6号	荔湾	1154	芳村	2792
22760	gz	嘉茗华庭	芳村大道中435号	荔湾	1154	芳村	2792
21623	gz	沙涌新村	浣花路	荔湾	1154	芳村	2792
82537	gz	芳华苑	芳村大道中526号	荔湾	1154	芳村	2792
757770	gz	芳村大道西小区	芳村大道西663号	荔湾	1154	芳村	2792
527772	gz	西塱社区	永安大街	荔湾	1154	芳村	2792
82614	gz	余庆园	花地大道北48号	荔湾	1154	芳村	2792
517139	gz	保利公园九里	龙溪中路	荔湾	1154	芳村	2792
527776	gz	西增路小区	西增路	荔湾	1154	环市西	7744
22693	gz	如意阁	芳村大道中568-572号	荔湾	1154	芳村	2792
21666	gz	汇城花园	兴东路	荔湾	1154	芳村	2792
482329	gz	陈家祠小区	中山七路	荔湾	1154	其他	2787
21827	gz	明心路小区	明心路	荔湾	1154	芳村	2792
519266	gz	花语水岸	坦尾南路	荔湾	1154	桥中	2786
400061	gz	万盛苑	芳村大道中560号	荔湾	1154	芳村	2792
22880	gz	合兴苑	悦成路95号	荔湾	1154	芳村	2792
406323	gz	丽和华庭	东漖北路74号	荔湾	1154	芳村	2792
23129	gz	加怡大厦	芳村大道163号	荔湾	1154	芳村	2792
503185	gz	丛桂新街小区	丛桂新街	荔湾	1154	黄沙	7746
20503	gz	贵贤上品	华贵路	荔湾	1154	西关	2790
522040	gz	富力唐宁花园	唐宁北一街1-15号	荔湾	1154	其他	2787
411905	gz	鹤洞新村	芳村大道东	荔湾	1154	芳村	2792
23204	gz	东鹏花园	浣南街	荔湾	1154	荔湾路	2789
407143	gz	接龙里小区	芳村大道东	荔湾	1154	芳村	2792
20803	gz	荔新大厦	西湾路85-89号	荔湾	1154	环市西	7744
21225	gz	穗芳阁	兴东路25号	荔湾	1154	芳村	2792
627428	gz	路劲隽泷湾	龙溪中路	荔湾	1154	龙溪	7750
2362404	gz	荔港南湾南区二期	南岸路	荔湾	1154	南岸路	7751
20856	gz	丰年华庭	东漖北路	荔湾	1154	芳村	2792
20207	gz	荔丰花园	荔海街	荔湾	1154	芳村	2792
482101	gz	中山八路小区	中山八路	荔湾	1154	中山八路	7755
519263	gz	百花路小区	百花路109号	荔湾	1154	芳村	2792
20835	gz	荔港南湾	南岸路67号	荔湾	1154	荔湾路	2789
519258	gz	人民北路小区	人民北路	荔湾	1154	东风西	7741
22078	gz	恒润阁	花地大道中林乐路	荔湾	1154	芳村	2792
22108	gz	怡福花园	怡福街	荔湾	1154	芳村	2792
82536	gz	茶滘新村社区	东漖北路	荔湾	1154	芳村	2792
2378572	gz	富力广场D区	龙津西路313号	荔湾	1154	西关	2790
503176	gz	人民中路小区	人民中路	荔湾	1154	西关	2790
82390	gz	君荟名轩	环市西路47号	荔湾	1154	环市西	7744
667210	gz	宝盛新家园	逢源路108号	荔湾	1154	中山八路	7755
20888	gz	美荔心筑	中山七路163-193号	荔湾	1154	陈家祠	2788
23190	gz	乐怡居	喜鹊路273号	荔湾	1154	芳村	2792
22097	gz	怡芳苑	怡德街8号	荔湾	1154	芳村	2792
22075	gz	恒荔湾畔	芳村大道344-360号	荔湾	1154	芳村	2792
407106	gz	周门小区	周门街	荔湾	1154	荔湾路	2789
667351	gz	西湾阳光	长乐后街55-56号	荔湾	1154	西村	2775
22449	gz	宝盛园	逢源路124号	荔湾	1154	西关	2790
22087	gz	恒宝华庭	宝华路133号	荔湾	1154	西关	2790
20370	gz	逸翠湾	黄沙大道8号	荔湾	1154	黄沙	7746
21697	gz	永安居	环市西路48-54号	荔湾	1154	环市西	7744
82604	gz	府前阁	芳村大道中558号	荔湾	1154	芳村	2792
22049	gz	文宸阁	浣花路39号	荔湾	1154	西关	2790
482232	gz	荔湾西华路小区	西华路	荔湾	1154	陈家祠	2788
527766	gz	克山小区	环市西路	荔湾	1154	环市西	7744
82594	gz	祥泰楼	芳村大道中618号	荔湾	1154	芳村	2792
82584	gz	金达阁	芳村大道中632号	荔湾	1154	芳村	2792
22101	gz	怡花阁	芳村大道126号	荔湾	1154	芳村	2792
82861	gz	宏新华庭	光复北路	荔湾	1154	西关	2790
20865	gz	芳丽苑	芳村大道东52－74号	荔湾	1154	芳村	2792
405558	gz	广钢观鹤小区	鹤洞路187号	荔湾	1154	芳村	2792
23254	gz	龙锦大厦	龙津东路	荔湾	1154	西关	2790
22121	gz	心悦阁	中市外约新街四巷1-9号	荔湾	1154	芳村	2792
2378573	gz	富力广场S区	龙津西路313号	荔湾	1154	西关	2790
22271	gz	富邦名寓	中山七路67-71号	荔湾	1154	西关	2790
20342	gz	金兰苑	浣花西路51号	荔湾	1154	芳村	2792
23097	gz	华丽苑	鹤洞路	荔湾	1154	芳村	2792
23244	gz	龙泉居小区	龙湾路	荔湾	1154	芳村	2792
2363228	gz	珠岛花园六期	河沙路138号	荔湾	1154	桥中	2786
21243	gz	珠岛花园	东海南路39号	荔湾	1154	荔湾路	2789
20861	gz	芳园居	龙溪大道	荔湾	1154	芳村	2792
82786	gz	花地湾荷花苑	喜鹊路300号	荔湾	1154	芳村	2792
20875	gz	花地湾碧桃苑	花蕾路	荔湾	1154	芳村	2792
82797	gz	花地湾招村新街小区	招村新街	荔湾	1154	芳村	2792
2361967	gz	花地湾	花地大道北路	荔湾	1154	芳村	2792
2362631	gz	山海名门	浣南东街	荔湾	1154	芳村	2792
20838	gz	荔康大厦	康王北路	荔湾	1154	陈家祠	2788
82564	gz	兰兴苑	东漖北路66-68号	荔湾	1154	芳村	2792
2362461	gz	西湾东路小区	西湾东楼3街1号	荔湾	1154	环市西	7744
503175	gz	富力皇上皇大厦	小梅大街22号	荔湾	1154	其他	2787
2378571	gz	富力广场B区	龙津西路313号	荔湾	1154	西关	2790
20836	gz	荔情居	光复北路756-788号	荔湾	1154	陈家祠	2788
2361758	gz	芳村大道东路小区	芳村大道东	荔湾	1154	芳村	2792
83869	gz	辉洋苑	粤南大街15号	荔湾	1154	黄沙	7746
22254	gz	平东小区	鹤洞路	荔湾	1154	白鹤洞	2793
408607	gz	广钢鹤平小区	鹤园路	荔湾	1154	其他	2787
23210	gz	东安苑	东漖北路929号	荔湾	1154	芳村	2792
82550	gz	汾水小区	秋兰街	荔湾	1154	芳村	2792
482036	gz	西湾路小区	西湾路10-16号	荔湾	1154	环市西	7744
2363030	gz	长寿路小区	长寿路	荔湾	1154	陈家祠	2788
21630	gz	汇鑫阁	康王中路	荔湾	1154	陈家祠	2788
80930	gz	西华苑	西华路40-98号	荔湾	1154	西华路	7754
400449	gz	万科柏悦湾	桥中南路88号	荔湾	1154	桥中	2786
22144	gz	康王阁	康王北路628号	荔湾	1154	陈家祠	2788
80916	gz	荔湖明苑	粤南大街3号	荔湾	1154	中山八路	7755
482240	gz	西雅苑(荔湾)	环市西路11号	荔湾	1154	其他	2787
2362224	gz	窖口大街小区	芳村大道西	荔湾	1154	窖口	7747
20877	gz	芬芳小区	芬芳街	荔湾	1154	芳村	2792
482276	gz	长乐花苑	长乐后街55号	荔湾	1154	其他	2787
400041	gz	翠竹苑(荔湾)	花湾路636号	荔湾	1154	芳村	2792
20204	gz	金宇花园	东沙大道	荔湾	1154	芳村	2792
482278	gz	富力盛悦居	逢源路145-149号	荔湾	1154	中山八路	7755
482170	gz	南京路小区	南京路１４号	荔湾	1154	其他	2787
21248	gz	港丰大厦	西华路256号	荔湾	1154	陈家祠	2788
23138	gz	力迅原筑	花地大道中248号	荔湾	1154	芳村	2792
23247	gz	龙津大厦	龙津中路	荔湾	1154	龙津	2779
23067	gz	华福大厦	中山七路	荔湾	1154	陈家祠	2788
23252	gz	龙湾广场	芳村大道西392号	荔湾	1154	芳村	2792
82501	gz	惠城花园	带河路	荔湾	1154	陈家祠	2788
23213	gz	荔湾世纪广场	龙津中路599号	荔湾	1154	龙津	2779
2361801	gz	合兴大厦	建设北路	荔湾	1154	芳村	2792
23208	gz	东澳广场	东澳路27号	荔湾	1154	其他	2787
2362487	gz	下九路小区	上下九步行街	荔湾	1154	黄沙	7746
23211	gz	东城雅苑	春晖二街	萝岗	1162	萝岗镇	7757
503402	gz	万科金色梦想	开源大道	萝岗	1162	科学城	7758
571875	gz	宏康东筑	春晖六街	萝岗	1162	开发东区	8820
503410	gz	科城山庄	水西环路	萝岗	1162	科学城	7758
84436	gz	万科新里程	开创大道北	萝岗	1162	科学城	7758
2373392	gz	中海誉城北苑	永和大道	萝岗	1162	萝岗镇	7757
503424	gz	宏康和园	榕环南路	萝岗	1162	其他	94642
23166	gz	保利香雪山	水西路	萝岗	1162	科学城	7758
2373050	gz	保利香雪山(别墅)	水西路	萝岗	1162	科学城	7758
23243	gz	龙光峰景华庭	科景路	萝岗	1162	科学城	7758
2373394	gz	中海誉城南苑	永和大道	萝岗	1162	萝岗镇	7757
2373395	gz	中海誉城南苑(别墅)	永和大道	萝岗	1162	萝岗镇	7757
23168	gz	保利林语山庄	开创大道	萝岗	1162	科学城	7758
2373529	gz	保利林语山庄（别墅）	开创大道	萝岗	1162	科学城	7758
2362292	gz	萝岗万达广场SOHO公寓	科丰路	萝岗	1162	科学城	7758
483863	gz	新福港鼎峰	香雪大道	萝岗	1162	萝岗镇	7757
503422	gz	飞晟文汇	彩文路	萝岗	1162	科学城	7758
503406	gz	越秀岭南雅筑	开源大道	萝岗	1162	萝岗镇	7757
657255	gz	越秀岭南山畔	开创大道	萝岗	1162	科学城	7758
519292	gz	雅居乐富春山居	广汕路	萝岗	1162	萝岗镇	7757
80854	gz	华燊大厦	青年路483号	萝岗	1162	开发西区	8821
503400	gz	锦林山庄	荔芳一街1-6号	萝岗	1162	科学城	7758
2377254	gz	锦林山庄(别墅)	荔芳一街1-6号	萝岗	1162	科学城	7758
2361403	gz	大沙头路小区	大沙头路	越秀	1153	东山口	2809
81164	gz	淘金雅苑	淘金路163号	越秀	1153	淘金	2822
23430	gz	五羊华轩	东泰路46号	越秀	1153	杨箕村	7781
82251	gz	淘金公馆	淘金东路100号	越秀	1153	淘金	2822
21317	gz	淘金家园	淘金东路	越秀	1153	淘金	2822
487564	gz	淘金家园C组团	淘金东横路9号,11号,13号	越秀	1153	其他	2806
2362492	gz	祈福新邨倚湖湾	环湖东路	越秀	1153	流花	2795
20393	gz	金羊花园	中山一路53-1号	越秀	1153	杨箕村	7781
2362522	gz	小北路小区	小北路	越秀	1153	小北	2820
487497	gz	富力东山新天地	广州大道	越秀	1153	中山路	7782
2361547	gz	东风东路小区	东风东路	越秀	1153	东风东	2808
2361726	gz	海珠中路小区	海珠中路169号	越秀	1153	解放南	2817
2373538	gz	农林上路小区(别墅)	农林下路	越秀	1153	东风东	2808
23721	gz	农林上路小区	农林下路	越秀	1153	农林下路	2811
704975	gz	珠光小北御景	小北路198号	越秀	1153	小北	2820
22998	gz	丽景台	东兴北路75-77号	越秀	1153	五羊新城	2807
2362056	gz	光塔路小区	光塔路	越秀	1153	解放南	2817
20739	gz	一德花园	一德路	越秀	1153	解放南	2817
81612	gz	五羊新城南区	寺右新马路	越秀	1153	五羊新城	2807
758003	gz	会同里小区	德政中路	越秀	1153	其他	2806
2361708	gz	海珠北路小区	海珠北路	越秀	1153	西门口	7780
21206	gz	祈福新邨康怡居	祈福大道	越秀	1153	流花	2795
80813	gz	梅花村小区	中山一路	越秀	1153	杨箕村	7781
758166	gz	水荫直街小区	水荫直街	越秀	1153	水荫路	7779
20669	gz	逸雅居	建设大马路8-5号	越秀	1153	建设	2826
81268	gz	东鸣轩	中山四路199-231号	越秀	1153	北京路	2821
763457	gz	东兴南路小区	东兴南路1-138号	越秀	1153	五羊新城	2807
487835	gz	象岗山小区	解放北路	越秀	1153	盘福路	7778
20620	gz	祈福新邨海晴居	福怡路	越秀	1153	流花	2795
20396	gz	颐和雅轩	洪桂新街1-5号	越秀	1153	小北	2820
416128	gz	东兴小区	东兴北路1-102号	越秀	1153	五羊新城	2807
640749	gz	中山一路小区	中山一路5-13号	越秀	1153	农林下路	2811
2361519	gz	东川路小区	东川路	越秀	1153	东川	2815
21318	gz	淘金华庭	淘金东路25-29号	越秀	1153	淘金	2822
81151	gz	富宏花园	应元路76号	越秀	1153	小北	2820
23776	gz	东风广场	东风东路787号	越秀	1153	东风东	2808
22120	gz	东方文德广场	文德北路66-72号	越秀	1153	农讲所	2819
81391	gz	中曦大厦	解放中路306号	越秀	1153	解放南	2817
23425	gz	华逸锦轩	东泰路26号	越秀	1153	五羊新城	2807
758108	gz	竹丝岗二马路小区	竹丝岗二马路	越秀	1153	东山口	2809
23759	gz	五羊新城E区	寺右南三街	越秀	1153	五羊新城	2807
83878	gz	金迪大厦	泰兴直街50号	越秀	1153	杨箕村	7781
20737	gz	越秀上品轩	中山六路285-287号	越秀	1153	西门口	7780
2361558	gz	东海嘉园一期	东兴北路65号	越秀	1153	五羊新城	2807
22145	gz	东海嘉园	东兴北路94号	越秀	1153	杨箕村	7781
2361624	gz	东山上品	东兴北路102号	越秀	1153	五羊新城	2807
81086	gz	德安大厦	建设四马路3号	越秀	1153	环市东	2823
2378166	gz	文德广场	文德南路54,58,64号	越秀	1153	北京路	2821
487804	gz	淘金坑住宅小区	永泰路10-16号	越秀	1153	淘金	2822
487347	gz	文德先生	文德南路	越秀	1153	北京路	2821
23037	gz	嘉洲翠庭	应元路113号	越秀	1153	小北	2820
2362823	gz	淘金路小区	淘金路	越秀	1153	淘金	2822
405530	gz	文星阁	解放中路402-454号	越秀	1153	广卫	2799
400019	gz	名门越秀	万福路291-295号	越秀	1153	北京路	2821
487446	gz	德政中路小区	德政中路217号	越秀	1153	农讲所	2819
400292	gz	寺右东小区	寺右四巷1号	越秀	1153	五羊新城	2807
22092	gz	东山雅筑	东风东路776号	越秀	1153	东风东	2808
81054	gz	华侨乐园	正平南街1-5号	越秀	1153	淘金	2822
487712	gz	柏丽雅居	百子横路	越秀	1153	东山口	2809
503949	gz	盘福路兰湖里大院	盘福路	越秀	1153	解放北	2818
21889	gz	房建大厦	海珠中路206号	越秀	1153	西门口	7780
22807	gz	天锦大厦	中山一路41号	越秀	1153	杨箕村	7781
22033	gz	东川大厦	东川路6号	越秀	1153	东川	2815
527754	gz	仓边路小区	仓边路32号	越秀	1153	东风东	2808
409425	gz	御江苑	南堤二马路36-40号	越秀	1153	解放南	2817
22873	gz	天伦花园	建设四马路17-29号	越秀	1153	建设	2826
757976	gz	建设四马路小区	建设四马路	越秀	1153	建设	2826
20618	gz	祈福新邨倚云居	市广路	越秀	1153	流花	2795
710955	gz	祈福新邨倚云居	市广路	越秀	1153	流花	2795
23740	gz	城启波尔多庄园	淘金东路141号	越秀	1153	淘金	2822
2361369	gz	大德路小区	大德路135号	越秀	1153	解放南	2817
21312	gz	深华大厦	新马路131-133号	越秀	1153	五羊新城	2807
81201	gz	起义路小区	起义路	越秀	1153	北京路	2821
20765	gz	豪贤苑	仁生里13号	越秀	1153	中山路	7782
22286	gz	东湖御苑	永胜上沙1号	越秀	1153	东湖	2812
2361627	gz	东山印象台	中山四路263-289号	越秀	1153	农讲所	2819
81064	gz	东方广场	犀牛路40号	越秀	1153	环市东	2823
487495	gz	越秀鸿福大厦	海珠中路189-191号	越秀	1153	其他	2806
757999	gz	寺贝通津小区	寺贝通津23号	越秀	1153	东山口	2809
2362137	gz	惠福西路大院	惠福西路	越秀	1153	北京路	2821
2360877	gz	百灵路小区	百灵路	越秀	1153	西门口	7780
487652	gz	明月二路小区	明月二路48-54号	越秀	1153	其他	2806
503980	gz	淘金北小区	正平北街	越秀	1153	淘金	2822
407919	gz	德政南路小区	德政南路172号	越秀	1153	农讲所	2819
406501	gz	五羊新城B区	寺右南北路	越秀	1153	五羊新城	2807
23685	gz	冠城大厦	寺右二马路27号	越秀	1153	五羊新城	2807
409521	gz	东山领汇广场	中山一路59-63号	越秀	1153	东风东	2808
20383	gz	颐秀华庭	应元路90号	越秀	1153	小北	2820
487787	gz	农林下路小区	农林下路	越秀	1153	农林下路	2811
23023	gz	嘉颐居	建设二马路东六街	越秀	1153	建设	2826
2363185	gz	中山四路小区	中山四路156号	越秀	1153	农讲所	2819
21354	gz	永胜华庭	永胜街	越秀	1153	东川	2815
81225	gz	麓湖御景	麓苑路39号	越秀	1153	淘金	2822
20718	gz	辉煌大厦	白云路48-50号	越秀	1153	大沙头	7774
22059	gz	东山锦轩	农林下路4-6号	越秀	1153	东山口	2809
81301	gz	文德雅轩	聚仁坊9号	越秀	1153	北京路	2821
82372	gz	德雅轩	长塘街77-83号	越秀	1153	北京路	2821
400323	gz	德兴苑	一德路398-400号	越秀	1153	解放南	2817
2362784	gz	寺右新马路小区	寺右新马路	越秀	1153	五羊新城	2807
81357	gz	五羊商住中心	寺右新马路138-158号	越秀	1153	五羊新城	2807
409407	gz	御东和府	农林下路35-39号	越秀	1153	东山口	2809
2363178	gz	中山六路小区	中山六路	越秀	1153	西门口	7780
22106	gz	东悦居	寺右北二街20号	越秀	1153	五羊新城	2807
406887	gz	寺右南路小区	寺右南路	越秀	1153	五羊新城	2807
2362567	gz	新河浦路小区	新河浦五横路	越秀	1153	东山口	2809
757979	gz	恤孤院路小区	恤孤院路	越秀	1153	东山口	2809
80950	gz	培正路小区	培正路	越秀	1153	东山口	2809
81211	gz	恒福路35号大院	恒福路35号	越秀	1153	淘金	2822
2362193	gz	建设五马路35号大院	建设五马路35号	越秀	1153	建设	2826
81310	gz	寺右新马路25号大院	寺右新马路25号	越秀	1153	五羊新城	2807
82238	gz	永福西约	永福路5-183号	越秀	1153	黄花岗	2824
81473	gz	小北路洪桥街社区	洪桥街	越秀	1153	小北	2820
503952	gz	水均大街小区	水均大街	越秀	1153	东风东	2808
411695	gz	明月东山	明月一路2街2-10号	越秀	1153	五羊新城	2807
81124	gz	鸿业大厦	东兴南路67号	越秀	1153	五羊新城	2807
757995	gz	东雅轩小区	中山二路菜园东19号	越秀	1153	其他	2806
22158	gz	应元大厦	应元路125-127号	越秀	1153	小北	2820
21843	gz	东山欣园	寺右一马路189-193号	越秀	1153	五羊新城	2807
407109	gz	保利麓苑	麓苑路33号	越秀	1153	淘金	2822
410849	gz	骏文雅苑	文明路119-123号	越秀	1153	北京路	2821
80780	gz	东湖新村	东湖西路1-9号	越秀	1153	大沙头	7774
82188	gz	达道路大院	达道路文明里6号	越秀	1153	东山口	2809
22988	gz	均益大厦	东华东路543号	越秀	1153	小北	2820
21749	gz	方凯华庭	应元路5号	越秀	1153	解放北	2818
23838	gz	小东园	中山一路	越秀	1153	东山口	2809
81781	gz	豆腐寮	大华街12号	越秀	1153	小北	2820
20497	gz	金宝怡庭	中山三路125-127号	越秀	1153	农讲所	2819
406503	gz	五羊小区	寺右新马路	越秀	1153	五羊新城	2807
2361582	gz	东华西路小区	东华西路	越秀	1153	东川	2815
527761	gz	朝天路29号小区	朝天路29号	越秀	1153	北京路	2821
758097	gz	德政北社区	德政北路498号	越秀	1153	北京路	2821
519400	gz	御东雅苑	东风西路238-248号	越秀	1153	其他	2806
406558	gz	幸福小区	寺右一路	越秀	1153	五羊新城	2807
20389	gz	颐景轩	江月路13-17号	越秀	1153	五羊新城	2807
517284	gz	双井街大院	双井街	越秀	1153	广卫	2799
758027	gz	下塘西路小区	下塘西路636-644号	越秀	1153	其他	2806
82338	gz	西华二巷小区	西华二巷	越秀	1153	解放北	2818
20767	gz	联发名阁	东华南路172号	越秀	1153	东湖	2812
80825	gz	牛乳基小区	东川路	越秀	1153	东川	2815
2362231	gz	解放中路小区	解放中路	越秀	1153	解放南	2817
23729	gz	共和西苑	共和西路9号	越秀	1153	共和路	94591
22058	gz	德意居	里仁坊12号	越秀	1153	农讲所	2819
82073	gz	七株榕小区	诗书路	越秀	1153	解放南	2817
22085	gz	广怡大厦	华乐路38号	越秀	1153	建设	2826
21356	gz	水荫路34号大院	水荫路34号	越秀	1153	水荫路	7779
81217	gz	狮带岗小区	麓景路	越秀	1153	淘金	2822
21280	gz	福地轩	海珠中路285号	越秀	1153	西门口	7780
20640	gz	青龙里小区	东川路75号	越秀	1153	东川	2815
21294	gz	白云一街小区	白云一街	越秀	1153	东川	2815
2362185	gz	建设二马路小区	建设二马路	越秀	1153	建设	2826
487529	gz	豪贤路小区	豪贤路85号	越秀	1153	东风东	2808
2362898	gz	越秀北路小区	越秀北路	越秀	1153	小北	2820
81584	gz	太华坊	小北路	越秀	1153	小北	2820
487510	gz	富力御龙庭	淘金路108-138号	越秀	1153	淘金	2822
2362139	gz	龟岗大马路小区	龟岗大马路	越秀	1153	东山口	2809
81144	gz	朝天路大院	朝天路	越秀	1153	解放南	2817
82099	gz	五号公馆	北京路5号	越秀	1153	北京路	2821
20500	gz	金山阁	文化里11号	越秀	1153	杨箕村	7781
82022	gz	新河浦别墅	新河浦路	越秀	1153	东山口	2809
23709	gz	凯城华庭	先烈中路83号	越秀	1153	黄花岗	2824
23773	gz	东川路91号大院	东川路91号	越秀	1153	东川	2815
487611	gz	东川路91号大院	东川路91号	越秀	1153	其他	2806
2362028	gz	共和二路大院	共和二路	越秀	1153	东风东	2808
82108	gz	聚仁坊小区	德政中路183号	越秀	1153	北京路	2821
20781	gz	三眼井小区	应元路	越秀	1153	小北	2820
83943	gz	西元岗大院	达道路西元岗1号	越秀	1153	东山口	2809
21328	gz	海平阁	广州大道中199号	越秀	1153	五羊新城	2807
504047	gz	越秀电台大院	人民北路686号	越秀	1153	解放北	2818
521153	gz	水均南街大院	水均南街	越秀	1153	东风东	2808
81593	gz	朱紫寮	朱紫寮街	越秀	1153	小北	2820
2363237	gz	珠光路小区	珠光路	越秀	1153	北京路	2821
527755	gz	军区7号大院	寺右新马路	越秀	1153	五羊新城	2807
2363086	gz	五羊新城水利局宿舍	寺右二马路	越秀	1153	五羊新城	2807
400319	gz	拥翠小区	建设大马路17号	越秀	1153	建设	2826
407176	gz	明月二巷小区	明月二路	越秀	1153	五羊新城	2807
81580	gz	五羊新城明月路省政协大院	明月二街	越秀	1153	五羊新城	2807
21342	gz	泰峰大厦	盘福路22-2号	越秀	1153	盘福路	7778
409791	gz	五羊新城C区	寺右路	越秀	1153	五羊新城	2807
2363081	gz	五羊新城明月区	明月一路	越秀	1153	五羊新城	2807
406496	gz	共和村	共和西路2-64号	越秀	1153	杨箕村	7781
22165	gz	康丽居	德政中路19号	越秀	1153	北京路	2821
81585	gz	五羊新城A区	寺右路	越秀	1153	五羊新城	2807
487660	gz	越秀解放北路小区	解放北路	越秀	1153	其他	2806
571874	gz	东山一品	水荫路	越秀	1153	水荫路	7779
81355	gz	都市晴川	元运新街	越秀	1153	东川	2815
80941	gz	元运街社区	华东西路	越秀	1153	东川	2815
667171	gz	富力东堤湾	中山一路	越秀	1153	杨箕村	7781
81386	gz	东环路3号大院	东环路3号	越秀	1153	环市东	2823
487640	gz	富力盈泽苑	较场东路33号	越秀	1153	东川	2815
23088	gz	华荟大厦	万福路19-95号	越秀	1153	农讲所	2819
22999	gz	国龙大厦	环市中路276号	越秀	1153	环市中	7776
21604	gz	世贸花园	淘金路54号	越秀	1153	淘金	2822
709623	gz	寺右北小区	寺右北一至三街	越秀	1153	五羊新城	2807
21626	gz	明达大厦	应元路46号	越秀	1153	小北	2820
487778	gz	恒福路小区	恒福路20-97号	越秀	1153	淘金	2822
22993	gz	大东门华庭	中山四路6-8号	越秀	1153	农讲所	2819
20651	gz	青龙坊小区	青龙坊	越秀	1153	建设	2826
2362938	gz	万福路小区	万福路	越秀	1153	东风东	2808
81645	gz	九曜坊西区	教育路	越秀	1153	北京路	2821
23712	gz	利福大厦	惠福东路558号	越秀	1153	北京路	2821
81898	gz	德安新街大院	长庚门后街41号	越秀	1153	东川	2815
81588	gz	东越雅居	越秀中路62号	越秀	1153	北京路	2821
81865	gz	梅花路电力设计院宿舍	梅花路62号	越秀	1153	梅花村	2813
23469	gz	中环广场	建设中马路2-4号	越秀	1153	建设	2826
21339	gz	洛桑美地	云海通津11号	越秀	1153	东川	2815
83156	gz	培正东街小区	培正东街	越秀	1153	东山口	2809
407141	gz	湖滨小区	东湖西路	越秀	1153	大沙头	7774
22077	gz	御龙国际商寓	广园西路	越秀	1153	三元里	94608
21631	gz	明月阁	明月一路20号	越秀	1153	五羊新城	2807
21315	gz	淘金花园	恒福路	越秀	1153	淘金	2822
21578	gz	下塘新村	麓景西路	越秀	1153	小北	2820
408353	gz	精彩生活大厦	文明路36-48号	越秀	1153	农讲所	2819
23826	gz	东方花苑	广州大道中353-367号	越秀	1153	杨箕村	7781
758149	gz	聚龙明珠花园	大通路	越秀	1153	其他	2806
2363337	gz	竹丝岗四马路小区	竹丝岗四马路	越秀	1153	东川	2815
2362822	gz	淘金街小区	淘金街	越秀	1153	淘金	2822
81765	gz	上塘街大院	麓景西路	越秀	1153	小北	2820
2362759	gz	水荫一横路小区	水荫一横路	越秀	1153	水荫路	7779
82410	gz	福今东路大院	福今东路	越秀	1153	东风东	2808
21635	gz	麓湖盛景	麓景西路36号	越秀	1153	小北	2820
81269	gz	烟墩路小区	烟墩路28号	越秀	1153	东山口	2809
2362359	gz	明月路小区	江月路5-11号	越秀	1153	五羊新城	2807
81468	gz	盘福社区	盘福路	越秀	1153	解放北	2818
22888	gz	大德大厦	大德路188-214号	越秀	1153	解放南	2817
20154	gz	龙湖大厦	东湖路	越秀	1153	东湖	2812
407256	gz	花园新村	大沙头二马路38号	越秀	1153	东湖	2812
21284	gz	碧水明筑	东泰路28-32号	越秀	1153	杨箕村	7781
21669	gz	麓景雅苑	麓景路86-98号	越秀	1153	小北	2820
400174	gz	广信顺景大厦	东山寺右二横路15号	越秀	1153	五羊新城	2807
83466	gz	粤虹大厦	永安东街33号	越秀	1153	东山口	2809
81223	gz	启明社区	启明横马路17号	越秀	1153	东山口	2809
517287	gz	桂花岗小区	桂花路1-2号	越秀	1153	解放北	2818
405805	gz	峻峰大厦	麓景路6号之一	越秀	1153	流花	2795
2362944	gz	云鹤北街小区	云鹤北街	越秀	1153	环市东	2823
527736	gz	仰忠街小区	仰忠街	越秀	1153	北京路	2821
80628	gz	海印苑小区	合群一马路133-135号	越秀	1153	东山口	2809
23048	gz	和风雅居	梅花路8号	越秀	1153	杨箕村	7781
2362469	gz	六榕路5号大院	六榕路5号	越秀	1153	西门口	7780
81621	gz	仓边路35号大院	仓边路35号	越秀	1153	北京路	2821
2361541	gz	东风东路695号大院	东风东路695号	越秀	1153	建设	2826
2363073	gz	执信南路小区	执信南路	越秀	1153	东川	2815
81496	gz	保安前街小区	保安前街10-20号	越秀	1153	东山口	2809
483757	gz	下塘西小区	下塘西2-34号	越秀	1153	小北	2820
20982	gz	凯信东方华庭	春晖二街	黄埔	1158	黄埔	2829
20948	gz	黄埔花园	丰乐南路438号	黄埔	1158	黄埔	2829
411533	gz	万科东荟城	开泰大道	黄埔	1158	黄埔	2829
2398260	gz	万科金色梦想	水濂山路	黄埔	1158	其他	2838
2413565	gz	顺景雅苑	莞福路	黄埔	1158	其他	2838
20348	gz	金碧领秀国际	黄埔东路	黄埔	1158	黄埔	2829
400013	gz	丰乐小区	丰乐中路	黄埔	1158	黄埔	2829
20784	gz	怡港花园	黄埔东路188号	黄埔	1158	黄埔	2829
2400167	gz	金沙湾花园(公寓)	裕兴路	黄埔	1158	其他	2838
20332	gz	金逸雅居	丰乐南路88号	黄埔	1158	黄埔区府	7739
2413511	gz	花样年华	东城中路	黄埔	1158	其他	2838
2399979	gz	盈翠华庭	石单路	黄埔	1158	其他	2838
20833	gz	悦涛雅苑	丰乐南路28号	黄埔	1158	黄埔	2829
2403448	gz	天河广场	沿河路	黄埔	1158	其他	2838
20958	gz	黄埔雅苑	黄埔东路	黄埔	1158	黄埔区府	7739
81155	gz	万科城市花园	石化路191号	黄埔	1158	黄埔	2829
2402556	gz	富华花园	升平北街	黄埔	1158	其他	2838
409288	gz	丰逸尚居	广新路688号	黄埔	1158	黄埔	2829
2398167	gz	光大花园	光大路	黄埔	1158	其他	2838
20905	gz	泰景花园	大沙北路5号	黄埔	1158	大沙	2831
2400915	gz	碧桂园豪庭	东兴东路	黄埔	1158	其他	2838
2399785	gz	泰景花园	珊洲街	黄埔	1158	其他	2838
2398356	gz	东骏朗晴居	东骏路	黄埔	1158	其他	2838
2398415	gz	朗晴居	龙泉街38号	黄埔	1158	其他	2838
2398334	gz	金丰花园	金丰路	黄埔	1158	其他	2838
412204	gz	万科金色悦府	大沙地东路	黄埔	1158	黄埔	2829
488161	gz	亨元花园	黄埔东路	黄埔	1158	其他	2838
2413416	gz	天鹅花园	大园路	黄埔	1158	其他	2838
488189	gz	文冲回迁房	文冲路100-104号	黄埔	1158	文冲	2833
2398262	gz	御花苑(公寓)	水濂山路	黄埔	1158	其他	2838
81443	gz	宏康花园康慧苑	春晖一街28号	黄埔	1158	黄埔	2829
2398527	gz	万丰花园	教育路	黄埔	1158	其他	2838
2401830	gz	金湖花园	莞樟路	黄埔	1158	其他	2838
20376	gz	金丽园	黄埔东路489号	黄埔	1158	黄埔	2829
2402398	gz	雅苑大厦	新兴街33号	黄埔	1158	其他	2838
2413455	gz	花街18百合苑	堑头路	黄埔	1158	其他	2838
2413576	gz	东城中心	东城路	黄埔	1158	其他	2838
400176	gz	荔园小区	荔香路	黄埔	1158	黄埔	2829
20271	gz	金隆园	丰乐中路23号	黄埔	1158	黄埔	2829
2398388	gz	光大景湖时代城	宏伟路1号	黄埔	1158	其他	2838
488154	gz	悦时代花园	大沙地东572-590号	黄埔	1158	大沙	2831
571911	gz	大田花园	镇东路50号	黄埔	1158	其他	2838
20973	gz	天伦东时区	荔香路	黄埔	1158	黄埔	2829
571750	gz	文冲安置房	广新路235-243号	黄埔	1158	文冲	2833
2401888	gz	怡丰映玥明轩	莞樟路	黄埔	1158	其他	2838
2398290	gz	江南世家(公寓)	金丰路1号	黄埔	1158	其他	2838
571705	gz	东城华庭	丰乐北路202-204号	黄埔	1158	黄埔区府	7739
20149	gz	银丰花园	丰乐北路	黄埔	1158	黄埔区府	7739
20487	gz	港湾一村	港湾路	黄埔	1158	黄埔	2829
2401276	gz	丽景花园(常平)(公寓)	常马路	黄埔	1158	其他	2838
2403432	gz	丽景花园(塘厦)	丽景路2号	黄埔	1158	其他	2838
2402866	gz	康湖山庄(公寓)	康湖大道	黄埔	1158	其他	2838
20967	gz	黄埔新村	黄埔东路633号	黄埔	1158	大沙	2831
2403384	gz	东方花园	塘厦大道中	黄埔	1158	其他	2838
2362859	gz	豫章苑	丰乐北路403号	黄埔	1158	黄埔	2829
2403011	gz	柏丽花园	育才路	黄埔	1158	其他	2838
2403352	gz	聚龙阁	环市西路	黄埔	1158	其他	2838
406817	gz	东港花园	文船路363号	黄埔	1158	黄埔	2829
408126	gz	南田路小区	南田路	黄埔	1158	其他	2838
20729	gz	新安苑	广新路66－68号	黄埔	1158	大沙	2831
20386	gz	荔香花园	荔香路	黄埔	1158	荔联	2836
2413563	gz	明达大厦	育才街44号	黄埔	1158	其他	2838
504121	gz	合景天峻	九龙大道	黄埔	1158	黄埔	2829
2401514	gz	丽都花园(公寓)	常马路	黄埔	1158	其他	2838
20916	gz	普晖村	普晖大街25号	黄埔	1158	黄埔	2829
2399864	gz	东江明珠花园	滨江西路	黄埔	1158	其他	2838
2413382	gz	花园新村(东城区)	新河北路	黄埔	1158	其他	2838
2413589	gz	金泽花园	东城路	黄埔	1158	其他	2838
2398287	gz	亨美社区居民公寓	元美路	黄埔	1158	其他	2838
2413483	gz	祥兴大厦	育华路	黄埔	1158	其他	2838